0,KAL0974310.1,70.588,51,15,0,2,52,166,216,6.35e-21,93.6,98.04
0,XP_079084720.1,73.077,52,14,0,1,52,940,991,7.83e-21,94.4,94.23
0,KAK2848860.1,73.077,52,14,0,1,52,632,683,8.06e-21,94.4,94.23
0,KAI3351475.1,73.077,52,14,0,1,52,952,1003,9.70e-21,94.4,96.15
0,XP_034398892.1,73.077,52,14,0,1,52,834,885,1.04e-20,94.0,94.23
0,XP_067454429.1,71.154,52,15,0,1,52,893,944,1.39e-20,93.6,96.15
0,KAM9356664.1,71.154,52,15,0,1,52,907,958,1.79e-20,93.6,94.23
0,XP_049898119.1,71.154,52,15,0,1,52,863,914,1.88e-20,93.6,94.23
0,CAB1460765.1,75.000,52,13,0,1,52,492,543,1.90e-20,93.2,88.46
0,XP_042348829.1,71.154,52,15,0,1,52,1153,1204,2.01e-20,93.2,94.23
0,XP_067373872.1,71.154,52,15,0,1,52,897,948,2.01e-20,93.2,92.31
0,XP_044219177.1,71.154,52,15,0,1,52,902,953,2.05e-20,93.2,96.15
0,XP_029369087.1,71.154,52,15,0,1,52,888,939,2.09e-20,93.2,94.23
0,XP_046262910.1,71.154,52,15,0,1,52,861,912,2.11e-20,93.2,94.23
0,XP_045885735.1,71.154,52,15,0,1,52,840,891,2.45e-20,93.2,94.23
0,XP_035506505.2,72.549,51,14,0,2,52,902,952,2.47e-20,93.2,94.12
0,XP_079892215.1,71.154,52,15,0,1,52,947,998,2.49e-20,93.2,94.23
0,XP_074505310.1,71.154,52,15,0,1,52,946,997,2.54e-20,93.2,94.23
0,KAK2904426.1,71.154,52,15,0,1,52,910,961,2.57e-20,93.2,92.31
0,XP_023849523.1,69.231,52,16,0,1,52,989,1040,2.86e-20,92.8,96.15
0,XP_062249902.1,75.000,52,13,0,1,52,877,928,2.89e-20,92.8,90.38
0,XP_044061864.1,71.154,52,15,0,1,52,914,965,2.91e-20,92.8,94.23
0,XP_056295640.1,71.154,52,15,0,1,52,836,887,2.94e-20,92.8,94.23
0,XP_054648859.1,71.154,52,15,0,1,52,878,929,2.97e-20,92.8,92.31
0,XP_074529760.1,71.154,52,15,0,1,52,931,982,3.06e-20,92.8,94.23
0,XP_053285208.1,75.000,52,13,0,1,52,892,943,3.12e-20,92.8,88.46
0,KAN1029147.1,71.154,52,15,0,1,52,945,996,3.44e-20,92.8,94.23
0,KAM7389104.1,71.154,52,15,0,1,52,737,788,3.47e-20,92.8,94.23
0,XP_056295642.1,71.154,52,15,0,1,52,869,920,3.90e-20,92.4,94.23
0,XP_057914097.2,71.154,52,15,0,1,52,873,924,4.02e-20,92.4,90.38
0,XP_060903549.1,69.231,52,16,0,1,52,934,985,4.56e-20,92.4,96.15
0,XP_075959553.1,71.154,52,15,0,1,52,946,997,4.65e-20,92.4,94.23
0,XP_019936270.2,71.154,52,15,0,1,52,925,976,4.83e-20,92.0,92.31
0,KAM9849644.1,71.154,52,15,0,1,52,934,985,4.88e-20,92.0,92.31
0,KAM7417237.1,71.154,52,15,0,1,52,984,1035,5.03e-20,92.0,92.31
0,XP_058506572.1,73.077,52,14,0,1,52,913,964,5.13e-20,92.0,90.38
0,XP_054453569.1,71.154,52,15,0,1,52,899,950,5.18e-20,92.0,94.23
0,XP_026214216.1,71.154,52,15,0,1,52,904,955,5.33e-20,92.0,92.31
0,XP_034545945.1,71.154,52,15,0,1,52,880,931,5.65e-20,92.0,92.31
0,XP_026186736.1,69.231,52,16,0,1,52,948,999,5.82e-20,92.0,94.23
0,XP_069526364.1,69.231,52,16,0,1,52,939,990,5.87e-20,92.0,94.23
0,XP_041800377.1,69.231,52,16,0,1,52,887,938,6.17e-20,92.0,94.23
0,XP_071778865.2,71.154,52,15,0,1,52,928,979,7.00e-20,91.7,92.31
0,CAJ1059042.1,69.231,52,16,0,1,52,936,987,8.02e-20,91.7,94.23
0,XP_030001691.1,69.231,52,16,0,1,52,936,987,9.02e-20,91.3,92.31
0,MBN3319878.1,71.154,52,15,0,1,52,1021,1072,9.56e-20,91.3,90.38
0,XP_068447771.1,71.154,52,15,0,1,52,940,991,1.03e-19,91.3,92.31
0,XP_010727808.1,69.231,52,16,0,1,52,886,937,1.12e-19,91.3,90.38
0,XP_015200773.2,71.154,52,15,0,1,52,948,999,1.27e-19,90.9,90.38
0,XP_053179658.1,67.308,52,17,0,1,52,887,938,1.28e-19,90.9,96.15
0,KAM3612867.1,69.231,52,16,0,1,52,759,810,1.31e-19,90.9,92.31
0,KAF7668536.1,67.308,52,17,0,1,52,328,379,1.43e-19,90.9,94.23
0,XP_076005374.1,69.231,52,16,0,1,52,891,942,1.48e-19,90.9,92.31
0,XP_049606886.1,68.627,51,16,0,2,52,839,889,1.56e-19,90.9,92.16
0,XP_040904286.1,69.231,52,16,0,1,52,914,965,1.62e-19,90.9,92.31
0,XP_033829603.2,69.231,52,16,0,1,52,922,973,1.85e-19,90.5,88.46
0,KAM3866980.1,67.308,52,17,0,1,52,943,994,1.85e-19,90.5,92.31
0,XP_057705328.1,68.627,51,16,0,2,52,839,889,1.87e-19,90.5,92.16
0,XP_070693269.1,68.627,51,16,0,2,52,937,987,2.04e-19,90.5,94.12
0,XP_051275250.1,65.385,52,18,0,1,52,945,996,3.32e-19,89.7,94.23
0,TWW55336.1,59.615,52,21,0,1,52,307,358,4.01e-19,89.4,86.54
0,KAF3838736.1,71.154,52,15,0,1,52,296,347,4.09e-19,89.4,86.54
0,XP_079208570.1,67.308,52,17,0,1,52,916,967,4.12e-19,89.7,90.38
0,XP_029296902.1,69.231,52,16,0,1,52,941,992,4.16e-19,89.7,90.38
0,XP_070819554.1,65.385,52,18,0,1,52,905,956,4.45e-19,89.4,90.38
0,XP_039520437.1,67.308,52,17,0,1,52,934,985,4.45e-19,89.4,92.31
0,KAJ4946215.1,71.154,52,15,0,1,52,656,707,4.54e-19,89.4,86.54
0,XP_020463140.1,65.385,52,18,0,1,52,885,936,4.63e-19,89.4,92.31
0,XP_072291301.1,70.588,51,15,0,2,52,880,930,4.67e-19,89.4,88.24
0,XP_077465914.1,68.627,51,16,0,2,52,775,825,4.81e-19,89.4,92.16
0,KAI9521473.1,71.154,52,15,0,1,52,339,390,4.82e-19,89.4,86.54
0,XP_043112665.1,65.385,52,18,0,1,52,907,958,5.10e-19,89.4,94.23
0,KAL1262016.1,65.385,52,18,0,1,52,955,1006,5.15e-19,89.4,94.23
0,KAA8588648.1,65.385,52,18,0,1,52,998,1049,5.46e-19,89.4,92.31
0,XP_039670365.1,65.385,52,18,0,1,52,946,997,5.68e-19,89.4,92.31
0,XP_029918660.1,65.385,52,18,0,1,52,908,959,6.32e-19,89.0,94.23
0,XP_068182287.1,65.385,52,18,0,1,52,929,980,7.10e-19,89.0,92.31
0,KAG8003818.1,65.385,52,18,0,1,52,846,897,7.46e-19,89.0,88.46
0,XP_016387980.1,65.385,52,18,0,1,52,670,721,7.53e-19,89.0,94.23
0,XP_059202954.1,65.385,52,18,0,1,52,901,952,7.75e-19,89.0,90.38
0,XP_069557874.1,67.308,52,17,0,1,52,896,947,7.75e-19,89.0,92.31
0,KAJ8015452.1,66.667,51,17,0,2,52,319,369,7.82e-19,88.6,92.16
0,XP_030595536.1,70.588,51,15,0,2,52,903,953,7.83e-19,89.0,92.16
0,NP_001431167.1,66.667,51,17,0,2,52,968,1018,7.91e-19,89.0,92.16
0,XP_041653991.1,67.308,52,17,0,1,52,877,928,8.22e-19,88.6,90.38
0,XP_039976492.1,65.385,52,18,0,1,52,859,910,8.89e-19,88.6,92.31
0,KAK7922219.1,68.627,51,16,0,2,52,1191,1241,9.33e-19,88.6,84.31
0,XP_030251406.1,65.385,52,18,0,1,52,937,988,1.05e-18,88.6,90.38
0,XP_068596758.1,65.385,52,18,0,1,52,942,993,1.13e-18,88.2,88.46
0,XP_067312647.1,65.385,52,18,0,1,52,862,913,1.18e-18,88.2,92.31
0,XP_035799013.2,67.308,52,17,0,1,52,945,996,1.25e-18,88.2,92.31
0,XP_051920633.1,66.667,51,17,0,2,52,833,883,1.32e-18,88.2,90.20
0,XP_057205121.1,63.462,52,19,0,1,52,928,979,1.32e-18,88.2,96.15
0,XP_010779013.1,69.231,52,16,0,1,52,738,789,1.38e-18,88.2,86.54
0,XP_072252437.1,69.231,52,16,0,1,52,945,996,1.42e-18,88.2,88.46
0,XP_016111476.1,63.462,52,19,0,1,52,970,1021,1.43e-18,88.2,94.23
0,XP_051920644.1,66.667,51,17,0,2,52,833,883,1.53e-18,87.8,90.20
0,XP_008277701.1,67.308,52,17,0,1,52,924,975,1.53e-18,87.8,88.46
0,XP_079336665.1,63.462,52,19,0,1,52,949,1000,1.58e-18,87.8,94.23
0,XP_030650137.1,65.385,52,18,0,1,52,885,936,1.63e-18,87.8,92.31
1,XHY58238.1,66.667,51,17,0,1,51,190,240,6.21e-22,94.0,78.43
1,TWW55336.1,65.385,52,17,1,1,51,307,358,1.52e-20,93.2,88.46
1,CCA96179.1,66.667,51,17,0,1,51,25,75,8.89e-20,84.3,78.43
1,8HGO_C,66.667,51,17,0,1,51,5,55,1.25e-19,83.2,78.43
1,CEK41095.1,66.667,51,17,0,1,51,47,97,1.48e-19,84.3,78.43
1,WOZ30154.1,66.667,51,17,0,1,51,28,78,2.28e-19,84.0,78.43
1,AAG33031.1,66.667,51,17,0,1,51,26,76,3.12e-19,82.8,78.43
1,KAM9849644.1,72.549,51,14,0,1,51,935,985,3.90e-19,89.7,86.27
1,XP_029703263.1,65.385,52,17,1,1,51,909,960,8.67e-19,88.6,88.46
1,XP_053179658.1,70.588,51,15,0,1,51,888,938,1.11e-18,88.2,86.27
1,XP_049898119.1,70.588,51,15,0,1,51,864,914,1.33e-18,88.2,86.27
1,KAM3612867.1,72.549,51,14,0,1,51,760,810,1.40e-18,88.2,84.31
1,KAA8588648.1,70.588,51,15,0,1,51,999,1049,1.44e-18,87.8,84.31
1,XP_043112665.1,68.627,51,16,0,1,51,908,958,2.21e-18,87.4,86.27
1,KAL1262016.1,68.627,51,16,0,1,51,956,1006,2.34e-18,87.4,86.27
1,KAI3351475.1,70.588,51,15,0,1,51,953,1003,2.71e-18,87.0,86.27
1,XP_016387980.1,68.627,51,16,0,1,51,671,721,2.74e-18,87.0,86.27
1,XP_039670365.1,70.588,51,15,0,1,51,947,997,2.76e-18,87.0,82.35
1,XP_019936270.2,68.627,51,16,0,1,51,926,976,2.76e-18,87.0,86.27
1,XP_034545945.1,68.627,51,16,0,1,51,881,931,3.01e-18,87.0,86.27
1,NP_001431167.1,68.627,51,16,0,1,51,968,1018,3.04e-18,87.0,84.31
1,KAH0500763.1,70.588,51,15,0,1,51,880,930,3.04e-18,87.0,80.39
1,XP_068596758.1,66.667,51,17,0,1,51,943,993,3.20e-18,87.0,86.27
1,XP_020463140.1,66.667,51,17,0,1,51,886,936,3.20e-18,87.0,84.31
1,XP_041653991.1,69.811,53,14,1,1,51,876,928,3.56e-18,87.0,84.91
1,XP_068447771.1,70.588,51,15,0,1,51,941,991,3.81e-18,86.7,84.31
1,XP_034398892.1,70.588,51,15,0,1,51,835,885,4.00e-18,86.7,84.31
1,XP_067454429.1,68.627,51,16,0,1,51,894,944,4.04e-18,86.7,86.27
1,XP_060903549.1,68.627,51,16,0,1,51,935,985,4.32e-18,86.7,86.27
1,XP_067312647.1,68.627,51,16,0,1,51,863,913,4.37e-18,86.7,84.31
1,AIS22039.1,66.667,51,17,0,1,51,91,141,4.71e-18,81.6,76.47
1,XP_034036848.1,62.745,51,19,0,1,51,704,754,4.91e-18,86.7,80.39
1,XP_030001691.1,68.627,51,16,0,1,51,937,987,5.20e-18,86.3,84.31
1,XP_067373872.1,68.627,51,16,0,1,51,898,948,5.41e-18,86.3,84.31
1,AKB11757.1,66.667,51,17,0,1,51,1,51,5.48e-18,79.0,76.47
1,XP_026186736.1,68.627,51,16,0,1,51,949,999,5.51e-18,86.3,84.31
1,CAB1460765.1,66.667,51,17,0,1,51,493,543,5.68e-18,86.3,86.27
1,XP_016111476.1,66.667,51,17,0,1,51,971,1021,5.68e-18,86.3,86.27
1,XP_039520437.1,68.627,51,16,0,1,51,935,985,5.73e-18,86.3,84.31
1,KAK2904426.1,68.627,51,16,0,1,51,911,961,6.02e-18,86.3,84.31
1,XP_044219177.1,68.627,51,16,0,1,51,903,953,6.02e-18,86.3,86.27
1,XP_057648983.1,70.588,51,15,0,1,51,1033,1083,6.20e-18,86.3,78.43
1,XP_079413307.1,68.627,51,16,0,1,51,870,920,6.26e-18,86.3,84.31
1,XP_079208570.1,66.667,51,17,0,1,51,917,967,6.64e-18,86.3,84.31
1,XP_042594231.1,73.913,46,12,0,6,51,964,1009,6.90e-18,85.9,91.30
1,KAM9356664.1,68.627,51,16,0,1,51,908,958,7.04e-18,85.9,84.31
1,XP_045885735.1,68.627,51,16,0,1,51,841,891,7.39e-18,85.9,84.31
1,XP_079892215.1,68.627,51,16,0,1,51,948,998,7.46e-18,85.9,84.31
1,XP_042348829.1,68.627,51,16,0,1,51,1154,1204,7.46e-18,85.9,84.31
1,XP_061690115.1,66.667,51,17,0,1,51,838,888,8.14e-18,85.9,84.31
1,XP_053285208.1,66.667,51,17,0,1,51,893,943,8.14e-18,85.9,86.27
1,XP_074505310.1,68.627,51,16,0,1,51,947,997,8.22e-18,85.9,84.31
1,XP_074529760.1,68.627,51,16,0,1,51,932,982,8.63e-18,85.9,84.31
1,XP_029020455.1,64.706,51,18,0,1,51,905,955,9.06e-18,85.9,84.31
1,XP_061895770.1,66.667,51,17,0,1,51,885,935,9.52e-18,85.5,84.31
1,XP_058653064.1,66.667,51,17,0,1,51,866,916,9.61e-18,85.5,86.27
1,XP_057205121.1,68.627,51,16,0,1,51,929,979,9.99e-18,85.5,84.31
1,KAM3866980.1,66.667,51,17,0,1,51,944,994,1.01e-17,85.5,86.27
1,XP_056295640.1,68.627,51,16,0,1,51,837,887,1.02e-17,85.5,84.31
1,XP_056295642.1,68.627,51,16,0,1,51,870,920,1.10e-17,85.5,84.31
1,KAF7668536.1,68.627,51,16,0,1,51,329,379,1.11e-17,85.5,84.31
1,KAG8003818.1,66.667,51,17,0,1,51,847,897,1.17e-17,85.5,82.35
1,XP_046262910.1,66.667,51,17,0,1,51,862,912,1.18e-17,85.5,86.27
1,KAM7389104.1,68.627,51,16,0,1,51,738,788,1.21e-17,85.5,84.31
1,XP_075959553.1,68.627,51,16,0,1,51,947,997,1.27e-17,85.1,84.31
1,GAA6077933.1,67.391,46,15,0,6,51,106,151,1.29e-17,81.6,89.13
1,XP_029918660.1,68.627,51,16,0,1,51,909,959,1.30e-17,85.1,82.35
1,TNM98895.1,65.385,52,17,1,1,51,90,141,1.34e-17,84.3,88.46
1,CAJ1059042.1,68.627,51,16,0,1,51,937,987,1.35e-17,85.1,82.35
1,XP_074084813.1,67.347,49,16,0,3,51,930,978,1.35e-17,85.1,89.80
1,XP_031799580.1,68.627,51,16,0,1,51,866,916,1.53e-17,85.1,84.31
1,XP_054453569.1,68.627,51,16,0,1,51,900,950,1.53e-17,85.1,84.31
1,XP_010727808.1,66.667,51,17,0,1,51,887,937,1.58e-17,85.1,82.35
1,XP_054648859.1,66.667,51,17,0,1,51,879,929,1.61e-17,85.1,84.31
1,XP_035506505.2,66.667,51,17,0,1,51,902,952,1.64e-17,85.1,84.31
1,XP_023849523.1,66.667,51,17,0,1,51,990,1040,1.72e-17,84.7,82.35
1,KAK2848860.1,66.667,51,17,0,1,51,633,683,1.77e-17,84.7,84.31
1,RXN22124.1,67.925,53,15,1,1,51,682,734,1.83e-17,84.7,84.91
1,XP_051275250.1,66.667,51,17,0,1,51,946,996,1.88e-17,84.7,84.31
1,XP_077465914.1,66.667,51,17,0,1,51,775,825,2.07e-17,84.7,84.31
1,XP_056328151.1,66.667,51,17,0,1,51,964,1014,2.09e-17,84.7,82.35
1,NP_001343950.1,66.667,51,17,0,1,51,848,898,2.20e-17,84.7,78.43
1,XP_049606886.1,64.706,51,18,0,1,51,839,889,2.20e-17,84.7,84.31
1,XP_076005374.1,67.925,53,15,1,1,51,890,942,2.22e-17,84.7,84.91
1,XP_051505623.1,66.667,51,17,0,1,51,992,1042,2.29e-17,84.7,84.31
1,XP_069526364.1,66.667,51,17,0,1,51,940,990,2.33e-17,84.7,84.31
1,XP_070693269.1,66.667,51,17,0,1,51,937,987,2.38e-17,84.3,84.31
1,NP_001171601.1,66.667,51,17,0,1,51,930,980,2.38e-17,84.3,78.43
1,XP_079084720.1,66.667,51,17,0,1,51,941,991,2.38e-17,84.3,84.31
1,XP_058506572.1,68.627,51,16,0,1,51,914,964,2.40e-17,84.3,84.31
1,KAM7417237.1,66.667,51,17,0,1,51,985,1035,2.40e-17,84.3,82.35
1,XP_026214216.1,68.627,51,16,0,1,51,905,955,2.45e-17,84.3,82.35
1,NP_001954.2,66.667,51,17,0,1,51,971,1021,2.50e-17,84.3,78.43
1,XP_037531391.1,64.706,51,18,0,1,51,881,931,2.55e-17,84.3,84.31
1,KAL0974310.1,66.667,51,17,0,1,51,166,216,2.55e-17,84.0,80.39
1,XP_039324357.1,66.667,51,17,0,1,51,987,1037,2.62e-17,84.3,78.43
1,XP_029369087.1,66.667,51,17,0,1,51,889,939,2.86e-17,84.3,84.31
1,XP_041800377.1,66.667,51,17,0,1,51,888,938,2.97e-17,84.3,84.31
1,3NJP_C,65.957,47,16,0,5,51,1,47,3.06e-17,77.0,76.60
1,KAN1029147.1,64.706,51,18,0,1,51,946,996,3.12e-17,84.3,84.31
2,XP_023849523.1,82.692,52,9,0,1,52,989,1040,1.75e-23,102,94.23
2,KAJ8015452.1,80.392,51,10,0,2,52,319,369,3.84e-23,100,94.12
2,MBN3319878.1,78.846,52,11,0,1,52,1021,1072,3.97e-23,100,96.15
2,XP_015200773.2,78.846,52,11,0,1,52,948,999,5.12e-23,100,96.15
2,XP_039520437.1,80.769,52,10,0,1,52,934,985,1.20e-22,99.8,92.31
2,KAL0974310.1,76.471,51,12,0,2,52,166,216,1.23e-22,98.2,96.08
2,CAJ1059042.1,78.846,52,11,0,1,52,936,987,1.33e-22,99.4,94.23
2,XP_026186736.1,78.846,52,11,0,1,52,948,999,1.60e-22,99.4,94.23
2,XP_056328151.1,78.846,52,11,0,1,52,963,1014,1.87e-22,99.0,94.23
2,XP_058653064.1,78.846,52,11,0,1,52,865,916,1.92e-22,99.0,92.31
2,XP_067312647.1,78.846,52,11,0,1,52,862,913,2.20e-22,99.0,92.31
2,XP_043112665.1,78.846,52,11,0,1,52,907,958,2.81e-22,98.6,92.31
2,KAL1262016.1,78.846,52,11,0,1,52,955,1006,2.84e-22,98.6,92.31
2,XP_034398892.1,78.846,52,11,0,1,52,834,885,2.89e-22,98.6,94.23
2,XP_068447771.1,80.769,52,10,0,1,52,940,991,3.16e-22,98.6,94.23
2,XP_075959553.1,78.846,52,11,0,1,52,946,997,3.72e-22,98.2,92.31
2,KAI3351475.1,78.846,52,11,0,1,52,952,1003,3.76e-22,98.2,94.23
2,XP_016387980.1,78.846,52,11,0,1,52,670,721,3.91e-22,98.2,92.31
2,XP_057205121.1,76.923,52,12,0,1,52,928,979,4.10e-22,98.2,94.23
2,XP_054453569.1,78.846,52,11,0,1,52,899,950,4.10e-22,98.2,92.31
2,XP_042594231.1,78.846,52,11,0,1,52,958,1009,4.14e-22,98.2,90.38
2,XP_044061864.1,76.923,52,12,0,1,52,914,965,4.61e-22,97.8,96.15
2,NP_001431167.1,83.673,49,8,0,4,52,970,1018,4.70e-22,97.8,93.88
2,XP_042348829.1,76.923,52,12,0,1,52,1153,1204,4.75e-22,97.8,94.23
2,KAN1029147.1,76.923,52,12,0,1,52,945,996,5.03e-22,97.8,96.15
2,XP_067454429.1,76.923,52,12,0,1,52,893,944,5.13e-22,97.8,94.23
2,KAM9356664.1,76.923,52,12,0,1,52,907,958,5.23e-22,97.8,94.23
2,XP_079892215.1,76.923,52,12,0,1,52,947,998,5.29e-22,97.8,94.23
2,XP_079336665.1,76.923,52,12,0,1,52,949,1000,5.50e-22,97.8,92.31
2,KAM3612867.1,78.846,52,11,0,1,52,759,810,5.66e-22,97.8,92.31
2,XP_074505310.1,76.923,52,12,0,1,52,946,997,6.00e-22,97.8,94.23
2,XP_053179658.1,76.923,52,12,0,1,52,887,938,6.12e-22,97.8,94.23
2,XP_035506505.2,78.431,51,11,0,2,52,902,952,6.24e-22,97.4,94.12
2,XP_074529760.1,76.923,52,12,0,1,52,931,982,6.36e-22,97.4,94.23
2,XP_055034923.2,76.923,52,12,0,1,52,905,956,6.81e-22,97.4,94.23
2,XP_045885735.1,76.923,52,12,0,1,52,840,891,6.81e-22,97.4,94.23
2,XP_041653991.1,76.923,52,12,0,1,52,877,928,7.36e-22,97.4,92.31
2,KAK2848860.1,76.923,52,12,0,1,52,632,683,7.43e-22,97.4,94.23
2,XP_039670365.1,75.000,52,13,0,1,52,946,997,7.88e-22,97.4,94.23
2,XP_044219177.1,76.923,52,12,0,1,52,902,953,7.88e-22,97.4,94.23
2,XP_056295640.1,76.923,52,12,0,1,52,836,887,7.88e-22,97.4,94.23
2,XP_065128781.1,76.923,52,12,0,1,52,949,1000,8.35e-22,97.4,94.23
2,XP_016111476.1,76.923,52,12,0,1,52,970,1021,8.51e-22,97.1,92.31
2,KAM7389104.1,76.923,52,12,0,1,52,737,788,8.52e-22,97.1,94.23
2,XP_049898119.1,76.923,52,12,0,1,52,863,914,9.11e-22,97.1,92.31
2,XP_058506572.1,78.846,52,11,0,1,52,913,964,9.66e-22,97.1,92.31
2,XP_034545945.1,76.923,52,12,0,1,52,880,931,9.76e-22,97.1,94.23
2,XP_056295642.1,76.923,52,12,0,1,52,869,920,9.85e-22,97.1,94.23
2,XP_076005374.1,76.923,52,12,0,1,52,891,942,1.01e-21,97.1,92.31
2,XP_019936270.2,76.923,52,12,0,1,52,925,976,1.02e-21,97.1,94.23
2,XP_054648859.1,75.000,52,13,0,1,52,878,929,1.02e-21,97.1,94.23
2,KAM7417237.1,76.923,52,12,0,1,52,984,1035,1.05e-21,97.1,92.31
2,XP_051275250.1,75.000,52,13,0,1,52,945,996,1.05e-21,97.1,94.23
2,KAM9849644.1,76.923,52,12,0,1,52,934,985,1.09e-21,97.1,92.31
2,XP_040904286.1,76.923,52,12,0,1,52,914,965,1.11e-21,97.1,92.31
2,CAO1539861.1,76.923,52,12,0,1,52,984,1035,1.28e-21,96.7,90.38
2,XP_059202954.1,75.000,52,13,0,1,52,901,952,1.43e-21,96.7,90.38
2,XP_030650137.1,76.923,52,12,0,1,52,885,936,1.54e-21,96.7,90.38
2,XP_046262910.1,75.000,52,13,0,1,52,861,912,1.56e-21,96.7,94.23
2,XP_067373872.1,75.000,52,13,0,1,52,897,948,1.59e-21,96.3,92.31
2,XP_041800377.1,75.000,52,13,0,1,52,887,938,1.72e-21,96.3,94.23
2,XP_069526364.1,75.000,52,13,0,1,52,939,990,1.78e-21,96.3,94.23
2,XP_071778865.2,76.923,52,12,0,1,52,928,979,1.85e-21,96.3,92.31
2,XP_069557874.1,78.846,52,11,0,1,52,896,947,1.85e-21,96.3,90.38
2,XP_010727808.1,75.000,52,13,0,1,52,886,937,1.85e-21,96.3,92.31
2,XP_060903549.1,75.000,52,13,0,1,52,934,985,1.89e-21,96.3,94.23
2,XP_079084720.1,75.000,52,13,0,1,52,940,991,2.00e-21,96.3,94.23
2,KAK2904426.1,75.000,52,13,0,1,52,910,961,2.06e-21,96.3,92.31
2,XP_029918660.1,75.000,52,13,0,1,52,908,959,2.08e-21,96.3,92.31
2,XP_030001691.1,75.000,52,13,0,1,52,936,987,2.21e-21,95.9,92.31
2,XP_051944898.1,78.431,51,11,0,2,52,979,1029,2.37e-21,95.9,90.20
2,KAF7668536.1,73.077,52,14,0,1,52,328,379,2.41e-21,95.9,94.23
2,KAM3866980.1,75.000,52,13,0,1,52,943,994,2.51e-21,95.9,90.38
2,XP_051505623.1,78.431,51,11,0,2,52,992,1042,2.68e-21,95.9,90.20
2,XP_057914097.2,73.077,52,14,0,1,52,873,924,2.79e-21,95.9,94.23
2,XP_019901201.2,78.431,51,11,0,2,52,987,1037,3.85e-21,95.5,88.24
2,XP_077434714.1,72.549,51,14,0,2,52,780,830,4.12e-21,95.1,94.12
2,XP_070693269.1,74.510,51,13,0,2,52,937,987,4.41e-21,95.1,94.12
2,XP_029369087.1,73.077,52,14,0,1,52,888,939,4.50e-21,95.1,94.23
2,KAM6953133.1,71.154,52,15,0,1,52,993,1044,4.63e-21,95.1,90.38
2,XP_030251406.1,73.077,52,14,0,1,52,937,988,5.15e-21,95.1,92.31
2,XP_079413307.1,73.077,52,14,0,1,52,869,920,5.20e-21,95.1,90.38
2,XP_028272289.1,76.923,52,12,0,1,52,882,933,5.36e-21,95.1,88.46
2,XP_035799013.2,76.923,52,12,0,1,52,945,996,5.68e-21,94.7,92.31
2,XP_026214216.1,73.077,52,14,0,1,52,904,955,6.26e-21,94.7,92.31
2,KAF3838736.1,75.000,52,13,0,1,52,296,347,6.59e-21,94.4,90.38
2,KAA8588648.1,71.154,52,15,0,1,52,998,1049,6.77e-21,94.7,94.23
2,XP_029958792.1,81.633,49,9,0,4,52,925,973,6.90e-21,94.7,91.84
2,XP_049606886.1,72.549,51,14,0,2,52,839,889,7.11e-21,94.7,94.12
2,KAK9963190.1,76.923,52,12,0,1,52,970,1021,7.24e-21,94.7,88.46
2,KAI9521473.1,75.000,52,13,0,1,52,339,390,7.44e-21,94.4,90.38
2,XP_057705328.1,72.549,51,14,0,2,52,839,889,7.61e-21,94.4,94.12
2,KAJ4946215.1,75.000,52,13,0,1,52,656,707,8.30e-21,94.4,90.38
2,XP_068182287.1,71.154,52,15,0,1,52,929,980,9.61e-21,94.4,92.31
2,CAN9514614.1,75.000,52,13,0,1,52,906,957,1.01e-20,94.4,90.38
2,XP_029296902.1,75.000,52,13,0,1,52,941,992,1.04e-20,94.0,90.38
2,KAL7863483.1,76.471,51,12,0,2,52,856,906,1.10e-20,94.0,90.20
2,KAG8003818.1,71.154,52,15,0,1,52,846,897,1.10e-20,94.0,90.38
2,XP_020463140.1,71.154,52,15,0,1,52,885,936,1.12e-20,94.0,92.31
2,XP_067104167.1,76.000,50,12,0,3,52,926,975,1.18e-20,94.0,90.00
3,TWW55336.1,66.667,51,17,0,1,51,308,358,8.58e-22,96.7,84.31
3,XHY58238.1,64.706,51,18,0,1,51,190,240,2.81e-20,89.7,82.35
3,AIS22039.1,72.917,48,13,0,4,51,94,141,2.82e-20,87.4,87.50
3,AKB11757.1,72.917,48,13,0,4,51,4,51,9.00e-20,83.6,87.50
3,XP_057648983.1,70.588,51,15,0,1,51,1033,1083,3.03e-19,89.7,88.24
3,KAH0500763.1,68.627,51,16,0,1,51,880,930,3.98e-19,89.7,90.20
3,TNM98895.1,66.667,51,17,0,1,51,91,141,5.07e-19,88.2,84.31
3,XP_013360879.1,72.340,47,13,0,5,51,932,978,1.13e-18,88.2,91.49
3,CCA96179.1,64.706,51,18,0,1,51,25,75,1.25e-18,81.3,82.35
3,XP_007463284.1,76.596,47,11,0,5,51,974,1020,1.36e-18,88.2,89.36
3,KAF5923813.1,75.000,48,12,0,4,51,768,815,1.41e-18,88.2,87.50
3,XP_058405882.1,75.000,48,12,0,4,51,973,1020,1.62e-18,87.8,87.50
3,XP_029703263.1,66.667,51,17,0,1,51,910,960,1.63e-18,87.8,84.31
3,8HGO_C,64.706,51,18,0,1,51,5,55,1.80e-18,80.5,82.35
3,CEK41095.1,64.706,51,18,0,1,51,47,97,1.98e-18,81.3,82.35
3,KAM9849644.1,73.077,52,13,1,1,51,934,985,2.00e-18,87.4,86.54
3,AAG33031.1,64.706,51,18,0,1,51,26,76,2.11e-18,80.9,82.35
3,XP_041653991.1,73.913,46,12,0,6,51,883,928,2.14e-18,87.4,91.30
3,XP_032489293.1,74.468,47,12,0,5,51,867,913,2.41e-18,87.4,89.36
3,KAJ8015452.1,71.739,46,13,0,6,51,324,369,2.45e-18,87.4,86.96
3,XP_026958630.1,74.468,47,12,0,5,51,851,897,2.58e-18,87.4,89.36
3,XP_007191099.2,74.468,47,12,0,5,51,975,1021,2.96e-18,87.0,89.36
3,WOZ30154.1,64.706,51,18,0,1,51,28,78,2.98e-18,81.3,82.35
3,XP_039670365.1,73.077,52,13,1,1,51,946,997,3.52e-18,87.0,84.62
3,XP_056328151.1,73.913,46,12,0,6,51,969,1014,4.04e-18,86.7,91.30
3,NP_999185.1,72.917,48,13,0,4,51,973,1020,4.58e-18,86.7,87.50
3,GAB1288109.1,72.340,47,13,0,5,51,944,990,4.72e-18,86.7,87.23
3,XP_049898119.1,73.077,52,13,1,1,51,863,914,6.26e-18,86.3,86.54
3,ERE90154.1,71.739,46,13,0,6,51,1365,1410,6.26e-18,86.3,89.13
3,1P9J_A,64.706,51,18,0,1,51,3,53,6.40e-18,79.0,80.39
3,XP_031799580.1,70.833,48,14,0,4,51,869,916,6.44e-18,86.3,93.75
3,XP_079413307.1,72.340,47,13,0,5,51,874,920,6.51e-18,86.3,89.36
3,XP_028616266.1,73.913,46,12,0,6,51,974,1019,6.51e-18,86.3,89.13
3,XP_076789365.1,73.913,46,12,0,6,51,1025,1070,7.10e-18,85.9,89.13
3,EGW10408.1,71.739,46,13,0,6,51,617,662,7.46e-18,85.9,89.13
3,XP_040607731.1,70.588,51,14,1,1,51,962,1011,7.46e-18,85.9,86.27
3,XP_020956121.1,72.917,48,13,0,4,51,867,914,8.06e-18,85.9,85.42
3,XP_066576728.1,71.739,46,13,0,6,51,945,990,8.14e-18,85.9,91.30
3,3NJP_C,70.213,47,14,0,5,51,1,47,8.55e-18,78.6,82.98
3,XP_036620333.1,72.549,51,14,0,1,51,926,976,9.24e-18,85.5,88.24
3,XP_020463140.1,69.231,52,15,1,1,51,885,936,9.33e-18,85.5,86.54
3,XP_035292856.1,71.739,46,13,0,6,51,1087,1132,9.42e-18,85.5,89.13
3,CAJ1059042.1,71.154,52,14,1,1,51,936,987,9.99e-18,85.5,84.62
3,KAN1029147.1,69.231,52,15,1,1,51,945,996,1.01e-17,85.5,88.46
3,XP_044061864.1,69.231,52,15,1,1,51,914,965,1.06e-17,85.5,88.46
3,XP_027251495.1,71.739,46,13,0,6,51,978,1023,1.12e-17,85.5,89.13
3,AJF94343.1,70.213,47,14,0,5,51,63,109,1.13e-17,79.7,82.98
3,XP_020857029.1,66.667,51,17,0,1,51,974,1024,1.17e-17,85.5,88.24
3,MBN3299037.1,71.739,46,13,0,6,51,896,941,1.18e-17,85.5,91.30
3,MBN3319878.1,76.087,46,11,0,6,51,1027,1072,1.29e-17,85.1,86.96
3,CAB1460765.1,69.231,52,15,1,1,51,492,543,1.31e-17,85.1,86.54
3,XP_030001691.1,71.154,52,14,1,1,51,936,987,1.31e-17,85.1,86.54
3,KAA8588648.1,71.154,52,14,1,1,51,998,1049,1.35e-17,85.1,84.62
3,XP_069903851.1,73.913,46,12,0,6,51,812,857,1.38e-17,85.1,89.13
3,XP_074131523.1,70.833,48,14,0,4,51,843,890,1.42e-17,85.1,91.67
3,XP_015200773.2,76.087,46,11,0,6,51,954,999,1.48e-17,85.1,86.96
3,XP_045043000.2,72.340,47,13,0,5,51,969,1015,1.49e-17,85.1,87.23
3,XP_069903850.1,73.913,46,12,0,6,51,974,1019,1.52e-17,85.1,89.13
3,XP_034545945.1,69.231,52,15,1,1,51,880,931,1.61e-17,85.1,86.54
3,KFO25828.1,71.739,46,13,0,6,51,1079,1124,1.61e-17,85.1,89.13
3,XP_019936270.2,69.231,52,15,1,1,51,925,976,1.77e-17,84.7,86.54
3,XP_053285208.1,69.231,52,15,1,1,51,892,943,1.79e-17,84.7,86.54
3,KAL0974310.1,70.588,51,14,1,2,51,166,216,1.80e-17,84.3,84.31
3,XP_051821074.1,70.833,48,14,0,4,51,925,972,1.81e-17,84.7,91.67
3,XP_067373872.1,69.231,52,15,1,1,51,897,948,1.88e-17,84.7,84.62
3,KAM3612867.1,71.154,52,14,1,1,51,759,810,2.29e-17,84.7,86.54
3,XP_037531391.1,68.627,51,15,1,2,51,881,931,2.29e-17,84.7,88.24
3,XP_010639812.1,71.739,46,13,0,6,51,932,977,2.38e-17,84.3,89.13
3,XP_058653064.1,71.739,46,13,0,6,51,871,916,2.55e-17,84.3,89.13
3,XP_021102285.1,71.739,46,13,0,6,51,480,525,2.59e-17,84.3,86.96
3,KAK2904426.1,69.231,52,15,1,1,51,910,961,2.60e-17,84.3,84.62
3,XP_067312647.1,71.739,46,13,0,6,51,868,913,2.65e-17,84.3,89.13
3,XP_068596758.1,67.308,52,16,1,1,51,942,993,2.70e-17,84.3,86.54
3,XP_010639819.1,71.739,46,13,0,6,51,790,835,2.86e-17,84.3,89.13
3,XP_034398892.1,71.154,52,14,1,1,51,834,885,2.89e-17,84.3,84.62
3,XP_079208570.1,67.308,52,16,1,1,51,916,967,2.89e-17,84.3,84.62
3,ELK36546.1,68.750,48,15,0,4,51,1598,1645,2.97e-17,84.3,85.42
3,NP_001431167.1,71.739,46,13,0,6,51,973,1018,3.03e-17,84.3,89.13
3,XP_008568402.1,72.340,47,13,0,5,51,932,978,3.06e-17,84.3,87.23
3,XP_072479479.1,74.468,47,12,0,1,47,930,976,3.12e-17,84.3,91.49
3,XP_029918660.1,71.154,52,14,1,1,51,908,959,3.22e-17,84.0,82.69
3,KAI3351475.1,71.154,52,14,1,1,51,952,1003,3.25e-17,84.0,84.62
3,GAB9669836.1,70.213,47,14,0,5,51,913,959,3.44e-17,84.0,87.23
3,XP_066243038.1,72.340,47,13,0,5,51,974,1020,3.58e-17,84.0,87.23
3,KAL1772528.1,69.565,46,14,0,6,51,976,1021,3.61e-17,84.0,86.96
3,XP_043112665.1,71.739,46,13,0,6,51,913,958,3.65e-17,84.0,89.13
3,XP_029424473.1,71.111,45,13,0,6,50,529,573,3.72e-17,84.0,88.89
3,XP_016387980.1,71.739,46,13,0,6,51,676,721,3.91e-17,84.0,89.13
3,KAL1262016.1,71.739,46,13,0,6,51,961,1006,3.95e-17,84.0,89.13
3,XP_019901201.2,66.667,51,17,0,1,51,987,1037,4.06e-17,84.0,80.39
3,XP_042594231.1,71.739,46,13,0,6,51,964,1009,4.06e-17,84.0,89.13
3,XP_051041475.1,69.565,46,14,0,6,51,973,1018,4.14e-17,84.0,86.96
3,XP_023565769.1,69.565,46,14,0,6,51,936,981,4.22e-17,84.0,89.13
3,XP_079892215.1,69.231,52,15,1,1,51,947,998,4.22e-17,84.0,84.62
3,CAH6789072.1,69.565,46,14,0,6,51,474,519,4.26e-17,84.0,86.96
3,XP_042348829.1,69.231,52,15,1,1,51,1153,1204,4.27e-17,84.0,84.62
3,XP_039520437.1,71.739,46,13,0,6,51,940,985,4.31e-17,84.0,89.13
3,XP_074084813.1,63.265,49,18,0,3,51,930,978,4.31e-17,84.0,93.88
3,KAF7668536.1,69.231,52,15,1,1,51,328,379,4.34e-17,83.6,84.62
3,XP_053179658.1,69.231,52,15,1,1,51,887,938,4.35e-17,84.0,84.62
4,KAM9849644.1,76.923,52,12,0,1,52,934,985,1.03e-23,102,90.38
4,XP_041653991.1,76.923,52,12,0,1,52,877,928,1.18e-23,102,90.38
4,XP_079413307.1,75.000,52,13,0,1,52,869,920,1.99e-23,102,92.31
4,XP_039670365.1,78.846,52,11,0,1,52,946,997,3.47e-23,101,88.46
4,KAJ8015452.1,76.471,51,12,0,2,52,319,369,3.69e-23,100,88.24
4,KAA8588648.1,76.923,52,12,0,1,52,998,1049,5.64e-23,100,88.46
4,XP_068596758.1,73.077,52,14,0,1,52,942,993,6.21e-23,100,92.31
4,XP_042348829.1,73.077,52,14,0,1,52,1153,1204,1.14e-22,99.8,88.46
4,CAJ1059042.1,75.000,52,13,0,1,52,936,987,1.37e-22,99.4,88.46
4,XP_034398892.1,75.000,52,13,0,1,52,834,885,1.69e-22,99.4,88.46
4,KAG8003818.1,73.077,52,14,0,1,52,846,897,1.85e-22,99.0,88.46
4,KAI3351475.1,75.000,52,13,0,1,52,952,1003,1.96e-22,99.0,88.46
4,KAM9356664.1,73.077,52,14,0,1,52,907,958,2.16e-22,99.0,88.46
4,XP_067454429.1,73.077,52,14,0,1,52,893,944,2.33e-22,99.0,88.46
4,XP_067373872.1,73.077,52,14,0,1,52,897,948,2.45e-22,98.6,88.46
4,XP_070693269.1,74.510,51,13,0,2,52,937,987,2.95e-22,98.6,88.24
4,XP_049898119.1,75.000,52,13,0,1,52,863,914,3.16e-22,98.6,86.54
4,XP_079892215.1,73.077,52,14,0,1,52,947,998,3.58e-22,98.2,88.46
4,XP_061895770.1,71.154,52,15,0,1,52,884,935,3.91e-22,98.2,88.46
4,XP_060903549.1,73.077,52,14,0,1,52,934,985,4.02e-22,98.2,88.46
4,XP_079208570.1,71.154,52,15,0,1,52,916,967,4.06e-22,98.2,88.46
4,KAK2904426.1,73.077,52,14,0,1,52,910,961,4.10e-22,98.2,88.46
4,XP_053179658.1,73.077,52,14,0,1,52,887,938,4.48e-22,98.2,88.46
4,XP_044061864.1,73.077,52,14,0,1,52,914,965,4.52e-22,97.8,90.38
4,XP_045885735.1,73.077,52,14,0,1,52,840,891,4.57e-22,97.8,88.46
4,KAN1029147.1,73.077,52,14,0,1,52,945,996,4.89e-22,97.8,90.38
4,XP_054648859.1,71.154,52,15,0,1,52,878,929,5.08e-22,97.8,88.46
4,XP_074529760.1,73.077,52,14,0,1,52,931,982,5.18e-22,97.8,88.46
4,XP_074505310.1,73.077,52,14,0,1,52,946,997,6.06e-22,97.8,88.46
4,XP_019936270.2,73.077,52,14,0,1,52,925,976,6.12e-22,97.8,88.46
4,XP_034036848.1,71.154,52,15,0,1,52,703,754,6.18e-22,97.4,82.69
4,XP_059202954.1,73.077,52,14,0,1,52,901,952,6.24e-22,97.4,84.62
4,XP_054453569.1,73.077,52,14,0,1,52,899,950,6.81e-22,97.4,88.46
4,XP_075959553.1,73.077,52,14,0,1,52,946,997,6.94e-22,97.4,88.46
4,XP_026186736.1,71.154,52,15,0,1,52,948,999,7.22e-22,97.4,88.46
4,XP_034545945.1,73.077,52,14,0,1,52,880,931,7.50e-22,97.4,88.46
4,KAM7417237.1,71.154,52,15,0,1,52,984,1035,7.72e-22,97.4,86.54
4,XP_040904286.1,73.077,52,14,0,1,52,914,965,8.11e-22,97.4,86.54
4,XP_028272289.1,76.923,52,12,0,1,52,882,933,9.66e-22,97.1,86.54
4,XP_044219177.1,73.077,52,14,0,1,52,902,953,9.95e-22,97.1,88.46
4,KAJ8367595.1,77.551,49,11,0,4,52,896,944,1.09e-21,97.1,87.76
4,KAF7668536.1,73.077,52,14,0,1,52,328,379,1.13e-21,96.7,88.46
4,XP_046262910.1,71.154,52,15,0,1,52,861,912,1.15e-21,96.7,88.46
4,XP_055034923.2,69.231,52,16,0,1,52,905,956,1.36e-21,96.7,88.46
4,XP_020463140.1,71.154,52,15,0,1,52,885,936,1.41e-21,96.7,86.54
4,XP_053285208.1,71.154,52,15,0,1,52,892,943,1.50e-21,96.7,88.46
4,XP_010727808.1,73.077,52,14,0,1,52,886,937,1.53e-21,96.7,86.54
4,XP_079106183.1,75.000,52,13,0,1,52,946,997,1.57e-21,96.3,86.54
4,XP_069526364.1,71.154,52,15,0,1,52,939,990,1.59e-21,96.3,88.46
4,XP_026214216.1,71.154,52,15,0,1,52,904,955,1.59e-21,96.3,86.54
4,KAK7922219.1,69.231,52,16,0,1,52,1190,1241,1.60e-21,96.3,86.54
4,XP_030001691.1,73.077,52,14,0,1,52,936,987,1.60e-21,96.3,86.54
4,XP_041800377.1,71.154,52,15,0,1,52,887,938,1.62e-21,96.3,88.46
4,KAM9795146.1,70.588,51,15,0,2,52,918,968,1.68e-21,96.3,90.20
4,XP_070819554.1,69.231,52,16,0,1,52,905,956,1.73e-21,96.3,86.54
4,XP_057914097.2,69.231,52,16,0,1,52,873,924,1.73e-21,96.3,88.46
4,CAB1460765.1,71.154,52,15,0,1,52,492,543,1.89e-21,96.3,88.46
4,XP_068447771.1,73.077,52,14,0,1,52,940,991,2.00e-21,96.3,88.46
4,XP_035506505.2,70.588,51,15,0,2,52,902,952,2.00e-21,96.3,88.24
4,KAM6923420.1,74.510,51,13,0,2,52,938,988,2.56e-21,95.9,88.24
4,XP_061644484.1,70.588,51,15,0,2,52,840,890,2.58e-21,95.9,86.27
4,XP_067312647.1,71.154,52,15,0,1,52,862,913,2.68e-21,95.9,86.54
4,TWW55336.1,67.308,52,17,0,1,52,307,358,2.80e-21,95.5,82.69
4,XP_061690115.1,70.588,51,15,0,2,52,838,888,2.87e-21,95.9,88.24
4,XP_033829603.2,69.231,52,16,0,1,52,922,973,3.29e-21,95.5,88.46
4,MBN3319878.1,76.923,52,12,0,1,52,1021,1072,3.39e-21,95.5,88.46
4,XP_051275250.1,69.231,52,16,0,1,52,945,996,3.39e-21,95.5,88.46
4,XP_049606886.1,68.627,51,16,0,2,52,839,889,3.53e-21,95.5,88.24
4,XP_029918660.1,76.923,52,12,0,1,52,908,959,3.67e-21,95.5,86.54
4,XP_076005374.1,71.154,52,15,0,1,52,891,942,3.74e-21,95.5,86.54
4,XP_015200773.2,76.923,52,12,0,1,52,948,999,4.12e-21,95.1,88.46
4,NP_001431167.1,72.549,51,14,0,2,52,968,1018,4.20e-21,95.1,86.27
4,XP_079336665.1,69.231,52,16,0,1,52,949,1000,4.24e-21,95.1,86.54
4,XP_054595252.1,75.000,52,13,0,1,52,926,977,4.33e-21,95.1,84.62
4,XP_038125007.1,73.077,52,14,0,1,52,916,967,4.37e-21,95.1,82.69
4,XP_029296902.1,71.154,52,15,0,1,52,941,992,4.77e-21,95.1,86.54
4,XP_051505623.1,72.549,51,14,0,2,52,992,1042,4.86e-21,95.1,86.27
4,XP_013857423.1,71.154,52,15,0,1,52,969,1020,5.41e-21,95.1,88.46
4,XP_017272981.1,69.231,52,16,0,1,52,899,950,6.70e-21,94.7,88.46
4,XP_047209938.1,73.077,52,14,0,1,52,928,979,7.46e-21,94.4,86.54
4,KAM3866980.1,75.000,52,13,0,1,52,943,994,7.76e-21,94.4,88.46
4,XP_029020455.1,66.667,51,17,0,2,52,905,955,7.83e-21,94.4,86.27
4,XP_032410966.1,72.549,51,14,0,2,52,898,948,8.14e-21,94.4,86.27
4,MED6290629.1,73.077,52,14,0,1,52,494,545,8.63e-21,94.4,86.54
4,XP_068182287.1,71.154,52,15,0,1,52,929,980,8.63e-21,94.4,90.38
4,XP_072291301.1,70.588,51,15,0,2,52,880,930,8.72e-21,94.4,86.27
4,XP_066576728.1,69.231,52,16,0,1,52,939,990,8.97e-21,94.4,88.46
4,XP_056328151.1,73.077,52,14,0,1,52,963,1014,9.33e-21,94.4,88.46
4,XP_057705328.1,66.667,51,17,0,2,52,839,889,9.80e-21,94.4,88.24
4,KAM3612867.1,76.923,52,12,0,1,52,759,810,1.08e-20,94.0,86.54
4,XP_061581997.1,72.549,51,14,0,2,52,940,990,1.11e-20,94.0,88.24
4,XP_037531391.1,68.627,51,16,0,2,52,881,931,1.12e-20,94.0,90.20
4,KAL0974310.1,72.549,51,14,0,2,52,166,216,1.15e-20,92.8,88.24
4,XP_041846789.1,73.077,52,14,0,1,52,887,938,1.19e-20,94.0,86.54
4,XP_058653064.1,73.077,52,14,0,1,52,865,916,1.19e-20,94.0,88.46
4,XP_053735965.1,64.706,51,18,0,2,52,836,886,1.25e-20,94.0,90.20
4,XP_023849523.1,73.077,52,14,0,1,52,989,1040,1.27e-20,94.0,84.62
4,XP_029703263.1,69.231,52,16,0,1,52,909,960,1.38e-20,94.0,84.62
4,XP_077434714.1,66.667,51,17,0,2,52,780,830,1.46e-20,93.6,88.24
4,KAM4732701.1,71.154,52,15,0,1,52,940,991,1.66e-20,93.6,86.54
5,AAG33031.1,75.472,53,13,0,1,53,26,78,3.68e-23,92.8,92.45
5,8HGO_C,75.472,53,13,0,1,53,5,57,4.14e-23,92.0,92.45
5,CCA96179.1,75.472,53,13,0,1,53,25,77,4.32e-23,92.8,92.45
5,CEK41095.1,75.472,53,13,0,1,53,47,99,7.68e-23,92.8,92.45
5,WOZ30154.1,75.472,53,13,0,1,53,28,80,1.50e-22,92.0,92.45
5,XHY58238.1,75.472,53,13,0,1,53,190,242,2.50e-22,95.1,92.45
5,NP_001343950.1,75.472,53,13,0,1,53,848,900,7.50e-21,94.7,92.45
5,NP_001171601.1,75.472,53,13,0,1,53,930,982,1.06e-20,94.0,92.45
5,NP_001954.2,75.472,53,13,0,1,53,971,1023,1.21e-20,94.0,92.45
5,KAL4679235.1,71.698,53,15,0,1,53,9,61,1.80e-20,90.5,90.57
5,AJF94343.1,73.469,49,13,0,5,53,63,111,6.32e-20,85.5,91.84
5,XP_063579644.1,73.585,53,14,0,1,53,881,933,9.15e-20,91.7,90.57
5,XP_073896408.1,73.585,53,14,0,1,53,403,455,1.05e-19,91.3,90.57
5,XP_077858232.1,73.585,53,14,0,1,53,1000,1052,1.08e-19,91.3,90.57
5,XP_050646952.1,73.585,53,14,0,1,53,812,864,1.25e-19,91.3,90.57
5,AIS22039.1,67.925,53,17,0,1,53,91,143,1.38e-19,85.9,83.02
5,AKB11757.1,67.925,53,17,0,1,53,1,53,1.83e-19,82.8,83.02
5,ELK36546.1,64.151,53,19,0,1,53,1595,1647,6.23e-19,89.0,81.13
5,1P9J_A,69.388,49,15,0,4,52,6,54,7.92e-19,81.3,91.84
5,3NJP_C,73.913,46,12,0,5,50,1,46,9.68e-19,80.9,93.48
5,XP_008568402.1,69.811,53,16,0,1,53,928,980,1.51e-18,88.2,84.91
5,KAH0500763.1,66.038,53,18,0,1,53,880,932,4.91e-18,86.7,86.79
5,XP_036083514.1,67.925,53,17,0,1,53,970,1022,7.92e-18,85.9,84.91
5,KAF6371648.1,67.925,53,17,0,1,53,481,533,1.29e-17,85.5,83.02
5,XP_029424473.1,66.038,53,18,0,1,53,524,576,1.53e-17,85.1,83.02
5,XP_032961164.1,67.925,53,17,0,1,53,779,831,1.63e-17,85.1,83.02
5,XP_020956121.1,67.925,53,17,0,1,53,864,916,1.74e-17,85.1,83.02
5,XP_057648983.1,62.264,53,20,0,1,53,1033,1085,1.90e-17,84.7,84.91
5,XP_019491538.1,67.925,53,17,0,1,53,698,750,2.02e-17,84.7,83.02
5,XP_016064947.1,67.925,53,17,0,1,53,969,1021,2.31e-17,84.7,83.02
5,NP_999185.1,67.925,53,17,0,1,53,970,1022,2.43e-17,84.7,83.02
5,KAF5923813.1,64.151,53,19,0,1,53,765,817,3.38e-17,84.3,84.91
5,XP_039324357.1,66.038,53,18,0,1,53,987,1039,3.51e-17,84.0,86.79
5,XP_040607731.1,62.264,53,20,0,1,53,961,1013,3.62e-17,84.0,84.91
5,XP_052035224.1,64.151,53,19,0,1,53,973,1025,3.65e-17,84.0,83.02
5,XP_058405882.1,64.151,53,19,0,1,53,970,1022,3.87e-17,84.0,84.91
5,XP_069315310.1,64.151,53,19,0,1,53,848,900,4.84e-17,83.6,83.02
5,XP_039324362.1,66.038,53,18,0,1,53,716,768,5.14e-17,83.6,86.79
5,XP_054447596.1,66.038,53,18,0,1,53,966,1018,5.34e-17,83.6,81.13
5,XP_073897635.1,66.038,53,18,0,1,53,893,945,5.89e-17,83.6,83.02
5,XP_054447597.1,66.038,53,18,0,1,53,806,858,6.12e-17,83.6,81.13
5,XP_045393436.1,64.151,53,19,0,1,53,922,974,6.12e-17,83.6,83.02
5,XP_069315307.1,64.151,53,19,0,1,53,971,1023,6.43e-17,83.6,83.02
5,XP_019597526.2,66.038,53,18,0,1,53,970,1022,6.82e-17,83.2,81.13
5,ERE90154.1,60.377,53,21,0,1,53,1360,1412,6.82e-17,83.2,83.02
5,XP_008063702.1,68.750,48,15,0,6,53,974,1021,8.12e-17,83.2,87.50
5,XP_035292856.1,60.377,53,21,0,1,53,1082,1134,9.68e-17,82.8,83.02
5,EGW10408.1,60.377,53,21,0,1,53,612,664,1.05e-16,82.8,83.02
5,XP_027251495.1,60.377,53,21,0,1,53,973,1025,1.13e-16,82.8,83.02
5,XP_066243038.1,66.038,53,18,0,1,53,970,1022,1.22e-16,82.4,81.13
5,GAB1288109.1,62.264,53,20,0,1,53,940,992,1.25e-16,82.4,81.13
5,XP_069903850.1,66.038,53,18,0,1,53,969,1021,1.37e-16,82.4,81.13
5,XP_007463284.1,67.347,49,16,0,5,53,974,1022,1.43e-16,82.4,85.71
5,ELK06411.1,64.151,53,19,0,1,53,754,806,1.49e-16,82.4,81.13
5,XP_032489293.1,67.347,49,16,0,5,53,867,915,1.50e-16,82.4,85.71
5,XP_024907571.1,64.151,53,19,0,1,53,847,899,1.54e-16,82.4,81.13
5,XP_069903851.1,66.038,53,18,0,1,53,807,859,1.57e-16,82.4,81.13
5,XP_062055726.1,66.038,53,18,0,1,53,655,707,1.64e-16,82.4,81.13
5,XP_026958630.1,64.151,53,19,0,1,53,847,899,1.82e-16,82.0,81.13
5,XP_058522910.1,64.151,53,19,0,1,53,968,1020,1.93e-16,82.0,81.13
5,GAB9669836.1,64.151,53,19,0,1,53,909,961,1.99e-16,82.0,81.13
5,XP_058522911.1,64.151,53,19,0,1,53,806,858,2.24e-16,82.0,81.13
5,XP_007191099.2,64.151,53,19,0,1,53,971,1023,2.59e-16,81.6,81.13
5,XP_051021530.1,62.264,53,20,0,1,53,969,1021,3.09e-16,81.6,81.13
5,CAH6789072.1,58.491,53,22,0,1,53,469,521,3.24e-16,81.3,81.13
5,XP_051041475.1,58.491,53,22,0,1,53,968,1020,3.27e-16,81.3,81.13
5,XP_028616266.1,62.264,53,20,0,1,53,969,1021,3.27e-16,81.3,81.13
5,XP_059518423.1,64.151,53,19,0,1,53,969,1021,3.27e-16,81.3,81.13
5,XP_076789365.1,62.264,53,20,0,1,53,1020,1072,3.71e-16,81.3,81.13
5,KAM4834100.1,67.925,53,16,1,1,53,961,1012,4.13e-16,81.3,83.02
5,XP_013360879.1,60.377,53,21,0,1,53,928,980,4.38e-16,80.9,79.25
5,XP_021500661.1,62.264,53,20,0,1,53,957,1009,4.47e-16,80.9,81.13
5,KAL1772528.1,58.491,53,22,0,1,53,971,1023,5.12e-16,80.9,81.13
5,XP_023565769.1,62.264,53,20,0,1,53,931,983,5.48e-16,80.9,79.25
5,XP_036887726.1,60.377,53,21,0,1,53,925,977,5.76e-16,80.9,83.02
5,XP_053421883.1,62.264,53,20,0,1,53,968,1020,6.16e-16,80.5,79.25
5,XP_044999509.1,60.377,53,21,0,1,53,951,1003,7.07e-16,80.5,79.25
5,XP_057562221.1,60.377,53,21,0,1,53,838,890,7.49e-16,80.5,81.13
5,XP_045444983.1,62.264,53,20,0,1,53,928,980,7.86e-16,80.5,81.13
5,XP_054582628.1,60.377,53,21,0,1,53,846,898,9.10e-16,80.1,83.02
5,XP_046314762.2,60.377,53,21,0,1,53,970,1022,9.28e-16,80.1,81.13
5,XP_077877938.1,60.377,53,21,0,1,53,892,944,1.05e-15,80.1,81.13
5,KAF7465800.1,60.377,53,21,0,1,53,354,406,1.08e-15,79.7,81.13
5,XP_054582617.1,60.377,53,21,0,1,53,927,979,1.10e-15,79.7,83.02
5,KAM5159325.1,60.377,53,21,0,1,53,806,858,1.13e-15,79.7,81.13
5,VTJ62690.1,60.377,53,21,0,1,53,354,406,1.21e-15,79.7,81.13
5,XP_053513013.1,60.377,53,21,0,1,53,766,818,1.34e-15,79.7,83.02
5,XP_012665796.1,60.377,53,21,0,1,53,902,954,1.51e-15,79.3,79.25
5,KFO25828.1,62.500,48,18,0,6,53,1079,1126,1.62e-15,79.3,85.42
5,MBZ3878913.1,60.377,53,21,0,1,53,972,1024,1.75e-15,79.3,81.13
5,XP_035881167.1,58.491,53,22,0,1,53,966,1018,1.99e-15,79.3,81.13
5,KAF6129819.1,58.491,53,22,0,1,53,475,527,2.31e-15,79.0,81.13
5,KAM5255846.1,58.491,53,21,1,1,53,870,921,2.53e-15,79.0,83.02
5,XP_010639812.1,62.500,48,18,0,6,53,932,979,2.79e-15,78.6,85.42
5,KAM6147989.1,64.583,48,17,0,6,53,852,899,2.87e-15,78.6,83.33
5,XP_010639819.1,62.500,48,18,0,6,53,790,837,2.90e-15,78.6,85.42
5,XP_036046631.1,58.491,53,22,0,1,53,472,524,2.98e-15,78.6,79.25
5,XP_036046627.1,58.491,53,22,0,1,53,966,1018,3.08e-15,78.6,79.25
5,XP_036046629.1,58.491,53,22,0,1,53,966,1018,3.97e-15,78.2,79.25
5,XP_036046630.1,58.491,53,22,0,1,53,689,741,4.50e-15,78.2,79.25
6,XHY58238.1,71.698,53,15,0,1,53,190,242,9.49e-25,101,86.79
6,TWW55336.1,75.000,48,12,0,6,53,313,360,1.21e-23,102,91.67
6,CCA96179.1,71.698,53,15,0,1,53,25,77,2.03e-23,93.6,86.79
6,CEK41095.1,71.698,53,15,0,1,53,47,99,2.57e-23,94.0,86.79
6,8HGO_C,71.698,53,15,0,1,53,5,57,3.71e-23,92.4,86.79
6,AAG33031.1,71.698,53,15,0,1,53,26,78,4.59e-23,92.8,86.79
6,WOZ30154.1,71.698,53,15,0,1,53,28,80,7.87e-23,92.8,86.79
6,GAA6077933.1,77.083,48,11,0,6,53,106,153,2.30e-22,94.0,95.83
6,KAF5898954.1,70.833,48,14,0,6,53,388,435,4.09e-22,97.8,89.58
6,XP_046705720.1,81.250,48,9,0,6,53,890,937,1.31e-21,96.7,91.67
6,KAI5104783.1,81.250,48,9,0,6,53,885,932,1.39e-21,96.7,91.67
6,KAI5624942.1,81.250,48,9,0,6,53,916,963,1.72e-21,96.3,91.67
6,1P9J_A,77.083,48,11,0,5,52,7,54,1.80e-21,87.8,85.42
6,AJF94343.1,73.469,49,13,0,5,53,63,111,2.29e-21,89.4,85.71
6,MCJ8733713.1,79.167,48,10,0,6,53,902,949,2.31e-21,95.9,93.75
6,MCJ8733713.1,79.167,48,10,0,6,53,999,1046,2.31e-21,95.9,93.75
6,KAB5570909.1,79.167,48,10,0,6,53,939,986,2.95e-21,95.9,93.75
6,XP_047658561.1,77.083,48,11,0,6,53,867,914,3.87e-21,95.5,95.83
6,KAL4679235.1,69.811,53,16,0,1,53,9,61,4.17e-21,92.0,84.91
6,XP_060740688.1,77.083,48,11,0,6,53,900,947,4.26e-21,95.1,95.83
6,TNM98895.1,75.000,48,12,0,6,53,96,143,4.46e-21,93.6,91.67
6,AIS22039.1,69.811,53,16,0,1,53,91,143,4.67e-21,89.4,83.02
6,NP_001343950.1,71.698,53,15,0,1,53,848,900,5.13e-21,95.1,86.79
6,NP_001171601.1,71.698,53,15,0,1,53,930,982,5.94e-21,94.7,86.79
6,NP_001954.2,71.698,53,15,0,1,53,971,1023,6.17e-21,94.7,86.79
6,XP_016111476.1,71.698,53,15,0,1,53,971,1023,6.94e-21,94.7,88.68
6,AKB11757.1,69.811,53,16,0,1,53,1,53,9.54e-21,85.9,83.02
6,XP_039670365.1,71.698,53,15,0,1,53,947,999,1.24e-20,94.0,84.91
6,KAL0974310.1,71.698,53,15,0,1,53,166,218,1.25e-20,92.8,84.91
6,XP_063579644.1,71.698,53,15,0,1,53,881,933,1.26e-20,94.0,84.91
6,XP_073896408.1,71.698,53,15,0,1,53,403,455,1.30e-20,94.0,84.91
6,XP_077858232.1,71.698,53,15,0,1,53,1000,1052,1.50e-20,93.6,84.91
6,XP_050646952.1,71.698,53,15,0,1,53,812,864,1.54e-20,93.6,84.91
6,XP_043112665.1,69.811,53,16,0,1,53,908,960,1.78e-20,93.6,88.68
6,XP_049898119.1,69.811,53,16,0,1,53,864,916,1.89e-20,93.6,86.79
6,KAL1262016.1,69.811,53,16,0,1,53,956,1008,2.19e-20,93.2,88.68
6,XP_053179658.1,69.811,53,16,0,1,53,888,940,2.25e-20,93.2,86.79
6,XP_029703263.1,75.000,48,12,0,6,53,915,962,2.46e-20,93.2,91.67
6,XP_056295640.1,71.698,53,15,0,1,53,837,889,2.51e-20,93.2,84.91
6,XP_046262910.1,69.811,53,16,0,1,53,862,914,2.56e-20,93.2,86.79
6,XP_053487966.1,75.000,48,12,0,6,53,943,990,2.68e-20,93.2,93.75
6,NP_001431167.1,69.811,53,16,0,1,53,968,1020,2.68e-20,93.2,86.79
6,XP_016387980.1,69.811,53,16,0,1,53,671,723,2.82e-20,92.8,88.68
6,3NJP_C,74.468,47,12,0,5,51,1,47,2.88e-20,84.7,85.11
6,KAM3866980.1,70.909,55,14,1,1,53,942,996,3.11e-20,92.8,87.27
6,XP_056295642.1,71.698,53,15,0,1,53,870,922,3.17e-20,92.8,84.91
6,XP_060783113.1,75.000,48,12,0,6,53,979,1026,3.63e-20,92.8,91.67
6,KAF7668536.1,69.811,53,16,0,1,53,329,381,3.64e-20,92.4,86.79
6,XP_067312647.1,69.811,53,16,0,1,53,863,915,3.70e-20,92.4,86.79
6,XP_029918660.1,69.811,53,16,0,1,53,909,961,4.37e-20,92.4,84.91
6,XP_068596758.1,71.698,53,15,0,1,53,943,995,4.72e-20,92.4,83.02
6,KAI3351475.1,69.811,53,16,0,1,53,953,1005,4.72e-20,92.4,86.79
6,ERE90154.1,69.811,53,16,0,1,53,1360,1412,4.86e-20,92.4,83.02
6,XP_057648983.1,69.811,53,16,0,1,53,1033,1085,4.91e-20,92.4,84.91
6,XP_039520437.1,69.811,53,16,0,1,53,935,987,5.05e-20,92.0,86.79
6,XP_057205121.1,69.811,53,16,0,1,53,929,981,5.15e-20,92.0,86.79
6,CAJ1059042.1,69.811,53,16,0,1,53,937,989,5.41e-20,92.0,84.91
6,KAK3564140.1,75.000,48,12,0,6,53,337,384,5.46e-20,92.0,93.75
6,XP_042594231.1,75.000,48,12,0,6,53,964,1011,5.52e-20,92.0,93.75
6,XP_019936270.2,67.925,53,17,0,1,53,926,978,5.62e-20,92.0,86.79
6,XP_051275250.1,69.811,53,16,0,1,53,946,998,6.08e-20,92.0,84.91
6,XP_040607731.1,69.811,53,16,0,1,53,961,1013,6.14e-20,92.0,84.91
6,XP_058653064.1,67.925,53,17,0,1,53,866,918,6.83e-20,92.0,88.68
6,XP_020463140.1,66.038,53,18,0,1,53,886,938,7.04e-20,91.7,84.91
6,XP_034545945.1,67.925,53,17,0,1,53,881,933,7.10e-20,91.7,86.79
6,CAO1539861.1,70.909,55,14,1,1,53,983,1037,7.17e-20,91.7,85.45
6,KAH0500763.1,67.925,53,17,0,1,53,880,932,7.32e-20,91.7,86.79
6,XP_034398892.1,69.811,53,16,0,1,53,835,887,7.46e-20,91.7,84.91
6,XP_067454429.1,67.925,53,17,0,1,53,894,946,7.68e-20,91.7,86.79
6,XP_068447771.1,69.811,53,16,0,1,53,941,993,7.68e-20,91.7,84.91
6,XP_035292856.1,69.811,53,16,0,1,53,1082,1134,7.76e-20,91.7,83.02
6,KAK3535375.1,75.000,48,12,0,6,53,237,284,8.06e-20,91.7,93.75
6,XP_067373872.1,67.925,53,17,0,1,53,898,950,8.22e-20,91.7,84.91
6,EGW10408.1,69.811,53,16,0,1,53,612,664,8.29e-20,91.7,83.02
6,XP_027251495.1,69.811,53,16,0,1,53,973,1025,8.98e-20,91.7,83.02
6,XP_023849523.1,67.925,53,17,0,1,53,990,1042,9.15e-20,91.7,86.79
6,XP_060903549.1,67.925,53,17,0,1,53,935,987,9.24e-20,91.7,86.79
6,XP_061644484.1,69.811,53,16,0,1,53,840,892,9.61e-20,91.3,84.91
6,XP_079084720.1,69.811,53,16,0,1,53,941,993,9.61e-20,91.3,84.91
6,KAK2904426.1,67.925,53,17,0,1,53,911,963,1.01e-19,91.3,84.91
6,KAF4094118.1,72.917,48,13,0,6,53,923,970,1.02e-19,91.3,91.67
6,XP_058252369.1,75.000,48,12,0,6,53,992,1039,1.03e-19,91.3,93.75
6,XP_073897635.1,73.585,53,14,0,1,53,893,945,1.05e-19,91.3,83.02
6,XP_044219177.1,67.925,53,17,0,1,53,903,955,1.08e-19,91.3,86.79
6,XP_030001691.1,67.925,53,17,0,1,53,937,989,1.10e-19,91.3,84.91
6,XP_008568402.1,71.698,53,15,0,1,53,928,980,1.13e-19,91.3,84.91
6,CAB1460765.1,66.038,53,18,0,1,53,493,545,1.17e-19,91.3,81.13
6,XP_044061864.1,67.925,53,17,0,1,53,915,967,1.17e-19,91.3,84.91
6,KAM9356664.1,67.925,53,17,0,1,53,908,960,1.23e-19,91.3,84.91
6,XP_056328151.1,67.925,53,17,0,1,53,964,1016,1.23e-19,91.3,84.91
6,XP_026186736.1,67.925,53,17,0,1,53,949,1001,1.24e-19,91.3,84.91
6,XP_057914097.2,67.925,53,17,0,1,53,874,926,1.26e-19,91.3,84.91
6,XP_042348829.1,67.925,53,17,0,1,53,1154,1206,1.31e-19,90.9,84.91
6,KAN1029147.1,67.925,53,17,0,1,53,946,998,1.38e-19,90.9,84.91
6,KAM3612867.1,67.925,53,17,0,1,53,760,812,1.39e-19,90.9,84.91
6,XP_079892215.1,67.925,53,17,0,1,53,948,1000,1.45e-19,90.9,84.91
6,KAA8588648.1,67.925,53,17,0,1,53,999,1051,1.46e-19,90.9,84.91
6,XP_070693269.1,67.925,53,17,0,1,53,937,989,1.53e-19,90.9,84.91
6,XP_079336665.1,67.925,53,17,0,1,53,950,1002,1.61e-19,90.9,84.91
6,XP_074505310.1,67.925,53,17,0,1,53,947,999,1.63e-19,90.9,84.91
6,XP_069315310.1,71.698,53,15,0,1,53,848,900,1.67e-19,90.9,83.02
7,TWW55336.1,65.385,52,18,0,1,52,307,358,9.64e-21,94.0,82.69
7,CCA96179.1,65.385,52,18,0,1,52,24,75,2.81e-20,85.5,84.62
7,WOZ30154.1,65.385,52,18,0,1,52,27,78,8.99e-20,85.1,84.62
7,8HGO_C,63.462,52,19,0,1,52,4,55,1.10e-19,83.6,84.62
7,AAG33031.1,63.462,52,19,0,1,52,25,76,1.49e-19,83.6,84.62
7,CEK41095.1,64.706,51,18,0,2,52,47,97,1.52e-19,84.3,84.31
7,XP_033829603.2,69.231,52,16,0,1,52,922,973,3.17e-19,89.7,84.62
7,XP_029703263.1,67.308,52,17,0,1,52,909,960,5.20e-19,89.4,84.62
7,XHY58238.1,64.706,51,18,0,2,52,190,240,5.56e-19,86.7,84.31
7,XP_023849523.1,69.231,52,16,0,1,52,989,1040,1.30e-18,88.2,82.69
7,TNM98895.1,65.385,52,18,0,1,52,90,141,1.30e-18,87.0,82.69
7,AIS22039.1,64.706,51,18,0,2,52,91,141,1.44e-18,83.2,78.43
7,XP_044061864.1,65.385,52,18,0,1,52,914,965,1.71e-18,87.8,88.46
7,XP_029918660.1,69.231,52,16,0,1,52,908,959,1.77e-18,87.8,82.69
7,KAL0974310.1,68.627,51,16,0,2,52,166,216,1.81e-18,87.0,84.31
7,XP_039670365.1,67.308,52,17,0,1,52,946,997,1.92e-18,87.8,84.62
7,KAN1029147.1,65.385,52,18,0,1,52,945,996,2.11e-18,87.4,88.46
7,1P9J_A,69.565,46,14,0,7,52,8,53,2.15e-18,80.1,89.13
7,AKB11757.1,64.706,51,18,0,2,52,1,51,2.20e-18,80.1,78.43
7,XP_046262910.1,67.308,52,17,0,1,52,861,912,2.22e-18,87.4,84.62
7,AJF94343.1,69.565,46,14,0,7,52,64,109,2.81e-18,81.6,89.13
7,XP_019936270.2,65.385,52,18,0,1,52,925,976,3.18e-18,87.0,86.54
7,3NJP_C,69.565,46,14,0,7,52,2,47,3.39e-18,79.3,89.13
7,XP_034545945.1,65.385,52,18,0,1,52,880,931,3.41e-18,87.0,86.54
7,XP_041846789.1,67.308,52,17,0,1,52,887,938,4.14e-18,86.7,86.54
7,XP_049898119.1,67.308,52,17,0,1,52,863,914,4.22e-18,86.7,84.62
7,XP_039520437.1,65.385,52,18,0,1,52,934,985,4.70e-18,86.7,84.62
7,KAK2848860.1,65.385,52,18,0,1,52,632,683,4.79e-18,86.7,84.62
7,XP_013857423.1,65.385,52,18,0,1,52,969,1020,5.08e-18,86.7,86.54
7,XP_019901201.2,72.917,48,13,0,5,52,990,1037,5.18e-18,86.3,87.50
7,CAJ1059042.1,65.385,52,18,0,1,52,936,987,5.88e-18,86.3,84.62
7,KAI3351475.1,67.308,52,17,0,1,52,952,1003,5.99e-18,86.3,84.62
7,KAA8588648.1,65.385,52,18,0,1,52,998,1049,6.05e-18,86.3,84.62
7,XP_061644484.1,64.706,51,18,0,2,52,840,890,6.11e-18,86.3,84.31
7,XP_057914097.2,65.385,52,18,0,1,52,873,924,6.35e-18,86.3,84.62
7,XP_041800377.1,65.385,52,18,0,1,52,887,938,6.87e-18,86.3,84.62
7,XP_068596758.1,63.462,52,19,0,1,52,942,993,6.94e-18,86.3,84.62
7,XP_069526364.1,65.385,52,18,0,1,52,939,990,7.43e-18,85.9,84.62
7,KAM9795146.1,64.706,51,18,0,2,52,918,968,7.80e-18,85.9,86.27
7,XP_053179658.1,65.385,52,18,0,1,52,887,938,7.95e-18,85.9,84.62
7,KAL4679235.1,62.745,51,19,0,2,52,9,59,8.38e-18,83.6,84.31
7,XP_024918762.1,65.385,52,18,0,1,52,930,981,9.38e-18,85.9,82.69
7,NP_001343950.1,64.706,51,18,0,2,52,848,898,9.57e-18,85.9,84.31
7,XP_067312647.1,63.462,52,19,0,1,52,862,913,9.95e-18,85.5,84.62
7,KAG8003818.1,63.462,52,19,0,1,52,846,897,1.08e-17,85.5,84.62
7,XP_067454429.1,65.385,52,18,0,1,52,893,944,1.08e-17,85.5,84.62
7,XP_060903549.1,65.385,52,18,0,1,52,934,985,1.09e-17,85.5,84.62
7,NP_001171601.1,64.706,51,18,0,2,52,930,980,1.09e-17,85.5,84.31
7,XP_051505623.1,66.667,51,17,0,2,52,992,1042,1.12e-17,85.5,84.31
7,XP_079106183.1,67.308,52,17,0,1,52,946,997,1.14e-17,85.5,84.62
7,XP_069315310.1,64.706,51,18,0,2,52,848,898,1.15e-17,85.5,82.35
7,XP_017272981.1,63.462,52,19,0,1,52,899,950,1.16e-17,85.5,86.54
7,NP_001954.2,64.706,51,18,0,2,52,971,1021,1.20e-17,85.5,84.31
7,XP_043112665.1,63.462,52,19,0,1,52,907,958,1.21e-17,85.5,84.62
7,KAL1262016.1,63.462,52,19,0,1,52,955,1006,1.22e-17,85.5,84.62
7,CAB1460765.1,65.385,52,18,0,1,52,492,543,1.28e-17,85.5,80.77
7,XP_034398892.1,65.385,52,18,0,1,52,834,885,1.32e-17,85.1,84.62
7,KAK7922219.1,63.462,52,19,0,1,52,1190,1241,1.32e-17,85.1,82.69
7,XP_062249902.1,65.385,52,18,0,1,52,877,928,1.41e-17,85.1,82.69
7,XP_044219177.1,65.385,52,18,0,1,52,902,953,1.41e-17,85.1,84.62
7,XP_069315307.1,64.706,51,18,0,2,52,971,1021,1.41e-17,85.1,82.35
7,XP_070819554.1,63.462,52,19,0,1,52,905,956,1.45e-17,85.1,82.69
7,XP_016387980.1,63.462,52,19,0,1,52,670,721,1.53e-17,85.1,84.62
7,XP_053285208.1,65.385,52,18,0,1,52,892,943,1.62e-17,85.1,80.77
7,XP_068447771.1,63.462,52,19,0,1,52,940,991,1.63e-17,85.1,84.62
7,XP_073896408.1,64.706,51,18,0,2,52,403,453,1.65e-17,85.1,84.31
7,XP_063579644.1,64.706,51,18,0,2,52,881,931,1.67e-17,85.1,84.31
7,XP_058653064.1,63.462,52,19,0,1,52,865,916,1.70e-17,85.1,82.69
7,XP_057205121.1,63.462,52,19,0,1,52,928,979,1.78e-17,85.1,84.62
7,XP_008568402.1,64.706,51,18,0,2,52,928,978,1.86e-17,84.7,82.35
7,XP_050646952.1,64.706,51,18,0,2,52,812,862,1.91e-17,84.7,84.31
7,XP_079413307.1,63.462,52,19,0,1,52,869,920,1.91e-17,84.7,80.77
7,XP_077858232.1,64.706,51,18,0,2,52,1000,1050,2.03e-17,84.7,84.31
7,XP_067373872.1,63.462,52,19,0,1,52,897,948,2.07e-17,84.7,84.62
7,XP_058506572.1,65.385,52,18,0,1,52,913,964,2.07e-17,84.7,84.62
7,NP_001431167.1,64.706,51,18,0,2,52,968,1018,2.07e-17,84.7,84.31
7,MEQ2267042.1,65.385,52,18,0,1,52,141,192,2.20e-17,82.0,78.85
7,XP_042348829.1,63.462,52,19,0,1,52,1153,1204,2.21e-17,84.7,84.62
7,KAM9356664.1,63.462,52,19,0,1,52,907,958,2.23e-17,84.7,84.62
7,CAO1539861.1,63.462,52,19,0,1,52,984,1035,2.23e-17,84.7,82.69
7,XP_062055726.1,66.667,51,17,0,2,52,655,705,2.28e-17,84.7,82.35
7,XP_020463140.1,61.538,52,20,0,1,52,885,936,2.44e-17,84.7,84.62
7,KAK2904426.1,63.462,52,19,0,1,52,910,961,2.53e-17,84.3,84.62
7,XP_079892215.1,63.462,52,19,0,1,52,947,998,2.56e-17,84.3,84.62
7,XP_029369087.1,63.462,52,19,0,1,52,888,939,2.82e-17,84.3,84.62
7,XP_030001691.1,63.462,52,19,0,1,52,936,987,2.82e-17,84.3,84.62
7,XP_068182287.1,61.538,52,20,0,1,52,929,980,2.88e-17,84.3,84.62
7,XP_074529760.1,63.462,52,19,0,1,52,931,982,2.93e-17,84.3,84.62
7,XP_045885735.1,63.462,52,19,0,1,52,840,891,2.96e-17,84.3,84.62
7,XP_054648859.1,63.462,52,19,0,1,52,878,929,2.96e-17,84.3,84.62
7,KAM4732701.1,65.385,52,18,0,1,52,940,991,2.99e-17,84.3,78.85
7,XP_074505310.1,63.462,52,19,0,1,52,946,997,3.02e-17,84.3,84.62
7,XP_045393436.1,62.745,51,19,0,2,52,922,972,3.08e-17,84.3,82.35
7,XP_016111476.1,61.538,52,20,0,1,52,970,1021,3.17e-17,84.3,84.62
7,ERE90154.1,62.745,51,19,0,2,52,1360,1410,3.20e-17,84.3,78.43
7,XP_029020455.1,60.784,51,20,0,2,52,905,955,3.30e-17,84.3,82.35
7,XP_044999509.1,64.706,51,18,0,2,52,951,1001,3.36e-17,84.0,80.39
7,KAM7389104.1,63.462,52,19,0,1,52,737,788,3.67e-17,84.0,84.62
7,KAM3612867.1,63.462,52,19,0,1,52,759,810,3.70e-17,84.0,84.62
7,XP_056295640.1,63.462,52,19,0,1,52,836,887,3.70e-17,84.0,84.62
8,AIS22039.1,70.833,48,14,0,6,53,96,143,1.61e-19,85.5,83.33
8,XP_044061864.1,67.925,53,17,0,1,53,915,967,4.06e-19,89.7,86.79
8,AKB11757.1,64.151,53,19,0,1,53,1,53,4.61e-19,81.6,79.25
8,KAN1029147.1,67.925,53,17,0,1,53,946,998,5.08e-19,89.4,86.79
8,KAL0974310.1,62.264,53,20,0,1,53,166,218,8.53e-19,87.8,88.68
8,KAJ8015452.1,62.264,53,20,0,1,53,319,371,1.70e-18,87.8,84.91
8,XP_058522910.1,72.917,48,13,0,6,53,973,1020,2.48e-18,87.4,87.50
8,XP_056328151.1,68.627,51,16,0,3,53,966,1016,2.51e-18,87.4,84.31
8,XP_039670365.1,66.038,53,18,0,1,53,947,999,2.68e-18,87.4,83.02
8,XP_044999509.1,72.917,48,13,0,6,53,956,1003,2.85e-18,87.4,87.50
8,XP_058522911.1,72.917,48,13,0,6,53,811,858,2.90e-18,87.0,87.50
8,XP_021500661.1,72.917,48,13,0,6,53,962,1009,3.08e-18,87.0,85.42
8,XP_016111476.1,67.925,53,17,0,1,53,971,1023,3.14e-18,87.0,81.13
8,XP_074131523.1,66.667,48,16,0,6,53,845,892,3.36e-18,87.0,85.42
8,XP_062055726.1,72.917,48,13,0,6,53,660,707,3.70e-18,87.0,87.50
8,XP_046314762.2,72.917,48,13,0,6,53,975,1022,4.37e-18,86.7,85.42
8,ERE90154.1,68.750,48,15,0,6,53,1365,1412,4.41e-18,86.7,85.42
8,XP_051021530.1,70.833,48,14,0,6,53,974,1021,4.59e-18,86.7,87.50
8,XP_028616266.1,70.833,48,14,0,6,53,974,1021,4.77e-18,86.7,85.42
8,XP_052035224.1,70.833,48,14,0,6,53,978,1025,4.96e-18,86.7,87.50
8,TNM98895.1,66.038,53,18,0,1,53,91,143,5.09e-18,85.5,77.36
8,XP_076789365.1,70.833,48,14,0,6,53,1025,1072,5.11e-18,86.7,85.42
8,KFO25828.1,70.833,48,14,0,6,53,1079,1126,5.16e-18,86.7,85.42
8,KAF7465800.1,72.917,48,13,0,6,53,359,406,5.32e-18,86.3,85.42
8,KAM5159325.1,72.917,48,13,0,6,53,811,858,5.57e-18,86.3,85.42
8,XP_077877938.1,72.917,48,13,0,6,53,897,944,5.63e-18,86.3,85.42
8,MBN3319878.1,66.667,51,17,0,3,53,1024,1074,5.85e-18,86.3,86.27
8,XP_019936270.2,64.151,53,19,0,1,53,926,978,5.91e-18,86.3,84.91
8,VTJ62690.1,72.917,48,13,0,6,53,359,406,5.96e-18,86.3,85.42
8,XP_058653064.1,66.038,53,18,0,1,53,866,918,6.64e-18,86.3,81.13
8,CAJ1059042.1,66.038,53,18,0,1,53,937,989,6.71e-18,86.3,83.02
8,XP_035292856.1,68.750,48,15,0,6,53,1087,1134,6.84e-18,86.3,85.42
8,XP_023849523.1,64.151,53,19,0,1,53,990,1042,6.91e-18,86.3,84.91
8,XP_034545945.1,64.151,53,19,0,1,53,881,933,7.11e-18,86.3,84.91
8,XP_056295640.1,66.038,53,18,0,1,53,837,889,7.18e-18,86.3,84.91
8,XP_029424473.1,70.833,48,14,0,6,53,529,576,7.46e-18,85.9,83.33
8,KAF5923813.1,70.833,48,14,0,6,53,770,817,7.69e-18,85.9,85.42
8,XP_015200773.2,66.667,51,17,0,3,53,951,1001,7.84e-18,85.9,86.27
8,XP_010639812.1,70.833,48,14,0,6,53,932,979,7.91e-18,85.9,85.42
8,EGW10408.1,68.750,48,15,0,6,53,617,664,7.98e-18,85.9,85.42
8,XP_010639819.1,70.833,48,14,0,6,53,790,837,8.15e-18,85.9,85.42
8,XP_027251495.1,68.750,48,15,0,6,53,978,1025,8.47e-18,85.9,85.42
8,XP_051821074.1,66.667,48,16,0,6,53,927,974,8.56e-18,85.9,85.42
8,XP_058405882.1,70.833,48,14,0,6,53,975,1022,8.73e-18,85.9,85.42
8,XP_056295642.1,66.038,53,18,0,1,53,870,922,8.81e-18,85.9,84.91
8,XP_069903850.1,64.151,53,19,0,1,53,969,1021,9.34e-18,85.9,81.13
8,XP_067312647.1,66.038,53,18,0,1,53,863,915,9.52e-18,85.9,81.13
8,CAB1460765.1,64.151,53,19,0,1,53,493,545,9.80e-18,85.9,83.02
8,XP_043112665.1,66.038,53,18,0,1,53,908,960,1.01e-17,85.5,81.13
8,XP_069903851.1,64.151,53,19,0,1,53,807,859,1.02e-17,85.5,81.13
8,XP_040607731.1,68.750,48,15,0,6,53,966,1013,1.03e-17,85.5,85.42
8,1EGF_A,64.151,53,19,0,1,53,1,53,1.04e-17,78.6,75.47
8,XP_057648983.1,68.750,48,15,0,6,53,1038,1085,1.07e-17,85.5,85.42
8,KAL1262016.1,66.038,53,18,0,1,53,956,1008,1.09e-17,85.5,81.13
8,NP_001431167.1,68.627,51,16,0,3,53,970,1020,1.09e-17,85.5,82.35
8,XP_039520437.1,66.038,53,18,0,1,53,935,987,1.11e-17,85.5,81.13
8,XP_031799580.1,64.583,48,17,0,6,53,871,918,1.21e-17,85.5,87.50
8,CCA96179.1,64.815,54,18,1,1,53,24,77,1.22e-17,79.0,79.63
8,TWW55336.1,66.038,53,18,0,1,53,308,360,1.31e-17,85.1,77.36
8,XP_041653991.1,66.667,51,17,0,3,53,880,930,1.34e-17,85.5,82.35
8,XP_016387980.1,66.038,53,18,0,1,53,671,723,1.38e-17,85.1,81.13
8,XP_007463284.1,68.750,48,15,0,6,53,975,1022,1.39e-17,85.1,85.42
8,XP_077434714.1,64.151,53,19,0,1,53,780,832,1.43e-17,85.1,83.02
8,GAA6077933.1,62.745,51,19,0,3,53,103,153,1.44e-17,81.6,82.35
8,XP_062249902.1,64.151,53,19,0,1,53,878,930,1.46e-17,85.1,84.91
8,XP_053285208.1,64.151,53,19,0,1,53,893,945,1.48e-17,85.1,83.02
8,XP_042594231.1,68.627,51,16,0,3,53,961,1011,1.49e-17,85.1,82.35
8,MBZ3878913.1,68.750,48,15,0,6,53,977,1024,1.55e-17,85.1,85.42
8,KAM6147989.1,70.833,48,14,0,6,53,852,899,1.61e-17,85.1,83.33
8,XP_032489293.1,68.750,48,15,0,6,53,868,915,1.63e-17,85.1,85.42
8,AAG33031.1,65.306,49,17,0,5,53,30,78,1.65e-17,78.6,81.63
8,XP_042348829.1,64.151,53,19,0,1,53,1154,1206,1.66e-17,85.1,83.02
8,XP_053179658.1,64.151,53,19,0,1,53,888,940,1.78e-17,85.1,83.02
8,GAB1288109.1,70.833,48,14,0,6,53,945,992,1.87e-17,85.1,83.33
8,KAM9356664.1,64.151,53,19,0,1,53,908,960,1.90e-17,84.7,83.02
8,XP_070693269.1,64.151,53,19,0,1,53,937,989,1.96e-17,84.7,83.02
8,KAM4811931.1,70.833,48,14,0,6,53,829,876,2.00e-17,84.7,85.42
8,XP_020956121.1,70.833,48,14,0,6,53,869,916,2.02e-17,84.7,83.33
8,XP_057205121.1,66.038,53,18,0,1,53,929,981,2.04e-17,84.7,81.13
8,XP_079892215.1,64.151,53,19,0,1,53,948,1000,2.06e-17,84.7,83.02
8,8HGO_C,65.306,49,17,0,5,53,9,57,2.06e-17,77.8,81.63
8,XP_029918660.1,62.264,53,20,0,1,53,909,961,2.14e-17,84.7,83.02
8,KAI3351475.1,64.151,53,19,0,1,53,953,1005,2.14e-17,84.7,84.91
8,XP_034398892.1,64.151,53,19,0,1,53,835,887,2.18e-17,84.7,84.91
8,XP_029107733.1,62.745,51,19,0,3,53,956,1006,2.22e-17,84.7,90.20
8,XP_023565769.1,68.750,48,15,0,6,53,936,983,2.27e-17,84.7,85.42
8,XP_026958630.1,68.750,48,15,0,6,53,852,899,2.31e-17,84.7,85.42
8,XP_051275250.1,64.151,53,19,0,1,53,946,998,2.31e-17,84.7,81.13
8,XP_061644484.1,66.038,53,18,0,1,53,840,892,2.38e-17,84.7,81.13
8,CEK41095.1,65.306,49,17,0,5,53,51,99,2.39e-17,79.0,81.63
8,XP_068447771.1,64.151,53,19,0,1,53,941,993,2.40e-17,84.7,83.02
8,XP_067104167.1,65.385,52,18,0,2,53,926,977,2.43e-17,84.7,82.69
8,XP_074505310.1,64.151,53,19,0,1,53,947,999,2.43e-17,84.7,83.02
8,XP_051041475.1,66.667,48,16,0,6,53,973,1020,2.43e-17,84.7,83.33
8,XP_067454429.1,64.151,53,19,0,1,53,894,946,2.45e-17,84.7,83.02
8,XP_054453569.1,65.385,52,18,0,2,53,901,952,2.45e-17,84.7,84.62
8,KAH0500763.1,66.667,48,16,0,6,53,885,932,2.47e-17,84.7,85.42
8,XP_079084720.1,64.151,53,19,0,1,53,941,993,2.47e-17,84.7,84.91
8,XP_075959553.1,65.385,52,18,0,2,53,948,999,2.50e-17,84.7,84.62
8,XP_079413307.1,64.151,53,19,0,1,53,870,922,2.65e-17,84.3,79.25
9,TWW55336.1,78.846,52,11,0,1,52,307,358,4.40e-26,108,92.31
9,CAJ1059042.1,88.462,52,6,0,1,52,936,987,1.00e-25,108,98.08
9,KAM9356664.1,86.538,52,7,0,1,52,907,958,3.62e-25,106,98.08
9,XP_067373872.1,86.538,52,7,0,1,52,897,948,3.80e-25,106,96.15
9,XP_074505310.1,86.538,52,7,0,1,52,946,997,4.23e-25,106,98.08
9,XP_042348829.1,86.538,52,7,0,1,52,1153,1204,4.31e-25,106,98.08
9,XP_079892215.1,86.538,52,7,0,1,52,947,998,4.40e-25,106,98.08
9,XP_044061864.1,86.538,52,7,0,1,52,914,965,4.66e-25,106,98.08
9,XP_074529760.1,86.538,52,7,0,1,52,931,982,4.80e-25,106,98.08
9,KAN1029147.1,86.538,52,7,0,1,52,945,996,4.89e-25,106,98.08
9,XP_045885735.1,86.538,52,7,0,1,52,840,891,4.94e-25,106,98.08
9,KAK2904426.1,86.538,52,7,0,1,52,910,961,5.29e-25,106,96.15
9,XP_067454429.1,86.538,52,7,0,1,52,893,944,5.45e-25,106,98.08
9,KAK2848860.1,86.538,52,7,0,1,52,632,683,7.66e-25,105,98.08
9,KAM7389104.1,86.538,52,7,0,1,52,737,788,7.73e-25,105,98.08
9,XP_039670365.1,84.615,52,8,0,1,52,946,997,8.35e-25,105,96.15
9,XP_034545945.1,86.538,52,7,0,1,52,880,931,8.52e-25,105,96.15
9,XP_026186736.1,84.615,52,8,0,1,52,948,999,8.94e-25,105,98.08
9,XP_054648859.1,84.615,52,8,0,1,52,878,929,9.21e-25,105,98.08
9,XP_044219177.1,86.538,52,7,0,1,52,902,953,9.48e-25,105,98.08
9,XP_019936270.2,86.538,52,7,0,1,52,925,976,9.48e-25,105,96.15
9,XP_069526364.1,84.615,52,8,0,1,52,939,990,9.95e-25,105,98.08
9,XP_034398892.1,84.615,52,8,0,1,52,834,885,1.19e-24,105,98.08
9,XP_049606886.1,88.235,51,6,0,2,52,839,889,1.21e-24,105,96.08
9,XP_041800377.1,84.615,52,8,0,1,52,887,938,1.31e-24,105,98.08
9,KAM7417237.1,84.615,52,8,0,1,52,984,1035,1.44e-24,105,96.15
9,XP_060903549.1,84.615,52,8,0,1,52,934,985,1.70e-24,104,98.08
9,XP_046262910.1,84.615,52,8,0,1,52,861,912,1.72e-24,104,98.08
9,XP_059202954.1,82.692,52,9,0,1,52,901,952,1.87e-24,104,94.23
9,XP_030001691.1,84.615,52,8,0,1,52,936,987,1.91e-24,104,96.15
9,XP_057914097.2,82.692,52,9,0,1,52,873,924,2.17e-24,104,98.08
9,KAF7668536.1,82.692,52,9,0,1,52,328,379,2.39e-24,104,98.08
9,KAI3351475.1,84.615,52,8,0,1,52,952,1003,2.56e-24,104,98.08
9,XP_071778865.2,84.615,52,8,0,1,52,928,979,2.66e-24,104,96.15
9,XP_040904286.1,84.615,52,8,0,1,52,914,965,2.71e-24,104,96.15
9,XP_056295640.1,82.692,52,9,0,1,52,836,887,2.85e-24,104,98.08
9,XP_035506505.2,84.314,51,8,0,2,52,902,952,3.05e-24,104,98.04
9,KAM3866980.1,82.692,52,9,0,1,52,943,994,3.59e-24,103,96.15
9,XP_056295642.1,82.692,52,9,0,1,52,869,920,3.59e-24,103,98.08
9,XP_010727808.1,82.692,52,9,0,1,52,886,937,3.85e-24,103,94.23
9,XP_020463140.1,84.615,52,8,0,1,52,885,936,3.88e-24,103,96.15
9,XP_070693269.1,84.314,51,8,0,2,52,937,987,4.00e-24,103,98.04
9,XP_057205121.1,82.692,52,9,0,1,52,928,979,4.32e-24,103,98.08
9,XP_029369087.1,82.692,52,9,0,1,52,888,939,4.32e-24,103,98.08
9,XP_075959553.1,82.692,52,9,0,1,52,946,997,4.49e-24,103,98.08
9,XP_079336665.1,82.692,52,9,0,1,52,949,1000,4.58e-24,103,96.15
9,XP_051275250.1,80.769,52,10,0,1,52,945,996,4.86e-24,103,98.08
9,XP_023849523.1,80.769,52,10,0,1,52,989,1040,4.91e-24,103,96.15
9,KAM9849644.1,82.692,52,9,0,1,52,934,985,5.62e-24,103,96.15
9,XP_054453569.1,82.692,52,9,0,1,52,899,950,5.62e-24,103,98.08
9,XP_049898119.1,82.692,52,9,0,1,52,863,914,5.68e-24,103,96.15
9,XP_068182287.1,84.615,52,8,0,1,52,929,980,5.90e-24,103,94.23
9,XP_057705328.1,84.314,51,8,0,2,52,839,889,6.02e-24,103,96.08
9,XP_058653064.1,82.692,52,9,0,1,52,865,916,6.14e-24,103,94.23
9,KAL0974310.1,78.431,51,11,0,2,52,166,216,7.07e-24,101,98.04
9,XP_039520437.1,84.615,52,8,0,1,52,934,985,7.24e-24,103,92.31
9,XP_079084720.1,80.769,52,10,0,1,52,940,991,7.31e-24,103,98.08
9,XP_043112665.1,82.692,52,9,0,1,52,907,958,8.06e-24,102,94.23
9,KAL1262016.1,82.692,52,9,0,1,52,955,1006,8.30e-24,102,94.23
9,XP_028272289.1,84.615,52,8,0,1,52,882,933,8.46e-24,102,94.23
9,XP_077465914.1,84.314,51,8,0,2,52,775,825,8.97e-24,102,96.08
9,KAA8588648.1,80.769,52,10,0,1,52,998,1049,9.23e-24,102,96.15
9,XP_077434714.1,84.314,51,8,0,2,52,780,830,9.23e-24,102,96.08
9,XP_070819554.1,80.769,52,10,0,1,52,905,956,1.03e-23,102,94.23
9,XP_068447771.1,82.692,52,9,0,1,52,940,991,1.07e-23,102,96.15
9,XP_029918660.1,82.692,52,9,0,1,52,908,959,1.12e-23,102,96.15
9,XP_016387980.1,82.692,52,9,0,1,52,670,721,1.20e-23,102,94.23
9,XP_079208570.1,80.769,52,10,0,1,52,916,967,1.24e-23,102,94.23
9,NP_001431167.1,82.692,52,9,0,1,52,967,1018,1.26e-23,102,90.38
9,XP_055034923.2,80.769,52,10,0,1,52,905,956,1.29e-23,102,98.08
9,XP_053179658.1,82.692,52,9,0,1,52,887,938,1.32e-23,102,98.08
9,XP_029296902.1,82.692,52,9,0,1,52,941,992,1.40e-23,102,94.23
9,TNM98895.1,78.846,52,11,0,1,52,90,141,1.53e-23,100,92.31
9,XP_067312647.1,82.692,52,9,0,1,52,862,913,1.58e-23,102,92.31
9,XP_076005374.1,80.769,52,10,0,1,52,891,942,1.61e-23,102,96.15
9,XP_039976492.1,80.769,52,10,0,1,52,859,910,1.61e-23,102,96.15
9,XP_065128781.1,80.769,52,10,0,1,52,949,1000,1.64e-23,102,98.08
9,KAM3612867.1,80.769,52,10,0,1,52,759,810,1.77e-23,102,96.15
9,XP_030251406.1,80.769,52,10,0,1,52,937,988,1.82e-23,102,94.23
9,KAG8003818.1,78.846,52,11,0,1,52,846,897,1.93e-23,102,92.31
9,XP_051920633.1,84.314,51,8,0,2,52,833,883,2.07e-23,101,94.12
9,XP_016111476.1,80.769,52,10,0,1,52,970,1021,2.15e-23,101,94.23
9,XP_051920644.1,84.314,51,8,0,2,52,833,883,2.24e-23,101,94.12
9,XP_026214216.1,80.769,52,10,0,1,52,904,955,2.77e-23,101,94.23
9,XP_030650137.1,82.692,52,9,0,1,52,885,936,3.03e-23,101,92.31
9,CAO1539861.1,78.846,52,11,0,1,52,984,1035,3.21e-23,101,96.15
9,XP_042594231.1,80.769,52,10,0,1,52,958,1009,3.21e-23,101,94.23
9,XP_061895770.1,80.769,52,10,0,1,52,884,935,3.21e-23,101,94.23
9,XP_068596758.1,78.846,52,11,0,1,52,942,993,3.33e-23,101,94.23
9,XP_041653991.1,82.692,52,9,0,1,52,877,928,3.40e-23,101,92.31
9,XP_056328151.1,80.769,52,10,0,1,52,963,1014,4.05e-23,100,92.31
9,XP_058506572.1,80.769,52,10,0,1,52,913,964,4.55e-23,100,94.23
9,XP_069557874.1,80.769,52,10,0,1,52,896,947,5.02e-23,100,94.23
9,XP_061644484.1,80.392,51,10,0,2,52,840,890,5.86e-23,100,96.08
9,XP_034036848.1,78.846,52,11,0,1,52,703,754,6.92e-23,100,92.31
9,KAM6953133.1,76.923,52,12,0,1,52,993,1044,7.62e-23,100,94.23
9,CAB1460765.1,80.769,52,10,0,1,52,492,543,7.68e-23,100,92.31
9,KAJ8015452.1,78.431,51,11,0,2,52,319,369,7.76e-23,100,92.16
9,XP_061690115.1,82.353,51,9,0,2,52,838,888,8.49e-23,100,94.12
9,XP_062249902.1,80.769,52,10,0,1,52,877,928,8.57e-23,100,94.23
10,KAJ8015452.1,77.778,54,12,0,1,54,318,371,3.55e-22,98.2,87.04
10,XP_019901201.2,74.074,54,14,0,1,54,986,1039,4.63e-21,95.1,87.04
10,XP_039670365.1,75.472,53,13,0,2,54,947,999,5.68e-21,95.1,86.79
10,XP_028272289.1,75.472,53,13,0,2,54,883,935,7.18e-21,94.7,86.79
10,XP_023849523.1,75.472,53,13,0,2,54,990,1042,8.31e-21,94.4,88.68
10,KAM9740510.1,75.472,53,13,0,2,54,941,993,1.06e-20,94.4,84.91
10,CAN9514614.1,75.472,53,13,0,2,54,907,959,1.41e-20,94.0,88.68
10,CAJ1059042.1,75.472,53,13,0,2,54,937,989,1.63e-20,93.6,86.79
10,XP_069557874.1,73.585,53,14,0,2,54,897,949,1.64e-20,93.6,88.68
10,XP_047441304.1,73.585,53,14,0,2,54,929,981,1.66e-20,93.6,88.68
10,KAL0974310.1,71.698,53,15,0,2,54,166,218,1.80e-20,92.4,90.57
10,XP_057705328.1,73.585,53,14,0,2,54,839,891,1.83e-20,93.6,90.57
10,XP_029958792.1,75.472,53,13,0,2,54,923,975,1.85e-20,93.6,86.79
10,XP_072252437.1,75.472,53,13,0,2,54,946,998,2.20e-20,93.2,84.91
10,KAI3351475.1,75.472,53,13,0,2,54,953,1005,2.38e-20,93.2,88.68
10,XP_051505623.1,73.585,53,14,0,2,54,992,1044,2.81e-20,93.2,88.68
10,XP_057205121.1,73.585,53,14,0,2,54,929,981,2.86e-20,92.8,88.68
10,XP_035799013.2,71.698,53,15,0,2,54,946,998,3.18e-20,92.8,90.57
10,XP_067454429.1,73.585,53,14,0,2,54,894,946,3.94e-20,92.4,88.68
10,XP_029918660.1,73.585,53,14,0,2,54,909,961,4.06e-20,92.4,86.79
10,XP_060903549.1,73.585,53,14,0,2,54,935,987,4.10e-20,92.4,88.68
10,XP_034398892.1,75.472,53,13,0,2,54,835,887,4.30e-20,92.4,86.79
10,KAL1262016.1,73.585,53,14,0,2,54,956,1008,4.52e-20,92.4,86.79
10,XP_043112665.1,73.585,53,14,0,2,54,908,960,4.56e-20,92.4,86.79
10,XP_079336665.1,73.585,53,14,0,2,54,950,1002,4.89e-20,92.4,86.79
10,XP_053179658.1,73.585,53,14,0,2,54,888,940,5.03e-20,92.4,88.68
10,XP_044219177.1,73.585,53,14,0,2,54,903,955,5.23e-20,92.4,88.68
10,XP_039976492.1,73.585,53,14,0,2,54,860,912,5.33e-20,92.0,86.79
10,XP_049898119.1,73.585,53,14,0,2,54,864,916,5.65e-20,92.0,86.79
10,NP_001431167.1,73.585,53,14,0,2,54,968,1020,5.65e-20,92.0,84.91
10,XP_059202954.1,71.698,53,15,0,2,54,902,954,5.76e-20,92.0,84.91
10,KAM6923420.1,73.585,53,14,0,2,54,938,990,5.99e-20,92.0,84.91
10,XP_079106183.1,73.585,53,14,0,2,54,947,999,6.17e-20,92.0,83.02
10,XP_079892215.1,73.585,53,14,0,2,54,948,1000,6.35e-20,92.0,86.79
10,XP_042348829.1,73.585,53,14,0,2,54,1154,1206,6.36e-20,92.0,86.79
10,KAM9356664.1,73.585,53,14,0,2,54,908,960,6.48e-20,92.0,86.79
10,XP_013857423.1,73.585,53,14,0,2,54,970,1022,6.54e-20,92.0,86.79
10,XP_016387980.1,73.585,53,14,0,2,54,671,723,7.21e-20,91.7,86.79
10,XP_074505310.1,73.585,53,14,0,2,54,947,999,7.35e-20,91.7,86.79
10,XP_074529760.1,73.585,53,14,0,2,54,932,984,7.43e-20,91.7,86.79
10,XP_054648859.1,73.585,53,14,0,2,54,879,931,7.50e-20,91.7,86.79
10,XP_044061864.1,73.585,53,14,0,2,54,915,967,8.59e-20,91.7,86.79
10,KAN1029147.1,73.585,53,14,0,2,54,946,998,8.67e-20,91.7,86.79
10,XP_067312647.1,73.585,53,14,0,2,54,863,915,9.56e-20,91.7,84.91
10,KAM9376182.1,67.925,53,17,0,2,54,928,980,9.85e-20,91.3,88.68
10,XP_039520437.1,73.585,53,14,0,2,54,935,987,1.04e-19,91.3,84.91
10,KAM7389104.1,73.585,53,14,0,2,54,738,790,1.07e-19,91.3,86.79
10,XP_056295640.1,73.585,53,14,0,2,54,837,889,1.10e-19,91.3,86.79
10,XP_056295642.1,73.585,53,14,0,2,54,870,922,1.15e-19,91.3,86.79
10,XP_016111476.1,71.698,53,15,0,2,54,971,1023,1.17e-19,91.3,86.79
10,XP_046262910.1,71.698,53,15,0,2,54,862,914,1.20e-19,91.3,88.68
10,XP_026186736.1,71.698,53,15,0,2,54,949,1001,1.20e-19,91.3,86.79
10,XP_034545945.1,73.585,53,14,0,2,54,881,933,1.32e-19,91.3,84.91
10,XP_049606886.1,73.585,53,14,0,2,54,839,891,1.34e-19,90.9,86.79
10,XP_019936270.2,73.585,53,14,0,2,54,926,978,1.41e-19,90.9,84.91
10,XP_058653064.1,71.698,53,15,0,2,54,866,918,1.43e-19,90.9,86.79
10,XP_020463140.1,73.585,53,14,0,2,54,886,938,1.43e-19,90.9,84.91
10,XP_072519303.1,73.585,53,14,0,2,54,973,1025,1.44e-19,90.9,84.91
10,KAL3973381.1,69.811,53,16,0,2,54,942,994,1.45e-19,90.9,88.68
10,XP_010727808.1,71.698,53,15,0,2,54,887,939,1.54e-19,90.9,84.91
10,XP_008277701.1,71.698,53,15,0,2,54,925,977,1.68e-19,90.9,83.02
10,XP_069526364.1,71.698,53,15,0,2,54,940,992,1.72e-19,90.9,86.79
10,XP_035506505.2,71.698,53,15,0,2,54,902,954,1.75e-19,90.9,86.79
10,KAM9849644.1,73.585,53,14,0,2,54,935,987,1.87e-19,90.5,84.91
10,XP_075959553.1,73.585,53,14,0,2,54,947,999,1.89e-19,90.5,86.79
10,XP_054453569.1,73.585,53,14,0,2,54,900,952,1.91e-19,90.5,86.79
10,XP_061581997.1,71.698,53,15,0,2,54,940,992,1.95e-19,90.5,84.91
10,XP_070693269.1,71.698,53,15,0,2,54,937,989,1.99e-19,90.5,86.79
10,XP_041800377.1,71.698,53,15,0,2,54,888,940,2.08e-19,90.5,86.79
10,XP_057914097.2,71.698,53,15,0,2,54,874,926,2.12e-19,90.5,86.79
10,XP_042594231.1,71.698,53,15,0,2,54,959,1011,2.25e-19,90.5,86.79
10,KAM7417237.1,71.698,53,15,0,2,54,985,1037,2.30e-19,90.5,84.91
10,XP_067373872.1,71.698,53,15,0,2,54,898,950,2.37e-19,90.5,83.02
10,KAK2904426.1,71.698,53,15,0,2,54,911,963,2.53e-19,90.1,83.02
10,XP_030001691.1,71.698,53,15,0,2,54,937,989,2.63e-19,90.1,84.91
10,XP_068447771.1,73.585,53,14,0,2,54,941,993,2.85e-19,90.1,84.91
10,XP_079084720.1,71.698,53,15,0,2,54,941,993,2.96e-19,90.1,86.79
10,KAI9521473.1,73.585,53,14,0,2,54,340,392,3.04e-19,90.1,83.02
10,KAJ4946215.1,73.585,53,14,0,2,54,657,709,3.10e-19,90.1,83.02
10,KAA8588648.1,69.811,53,16,0,2,54,999,1051,3.20e-19,90.1,84.91
10,XP_077465914.1,71.698,53,15,0,2,54,775,827,3.36e-19,90.1,86.79
10,XP_070819554.1,71.698,53,15,0,2,54,906,958,3.36e-19,90.1,83.02
10,KAK2848860.1,71.698,53,15,0,2,54,633,685,3.52e-19,89.7,84.91
10,XP_030650137.1,71.698,53,15,0,2,54,886,938,3.59e-19,89.7,84.91
10,XP_041846789.1,71.698,53,15,0,2,54,888,940,3.67e-19,89.7,81.13
10,XP_051944898.1,69.811,53,16,0,2,54,979,1031,3.77e-19,89.7,86.79
10,KAF3838736.1,73.585,53,14,0,2,54,297,349,3.81e-19,89.7,83.02
10,XP_071778865.2,71.698,53,15,0,2,54,929,981,3.85e-19,89.7,84.91
10,XP_040904286.1,71.698,53,15,0,2,54,915,967,4.20e-19,89.7,84.91
10,KAF7668536.1,69.811,53,16,0,2,54,329,381,4.23e-19,89.7,86.79
10,KAG8003818.1,69.811,53,16,0,2,54,847,899,4.77e-19,89.4,83.02
10,XP_029369087.1,69.811,53,16,0,2,54,889,941,4.86e-19,89.4,86.79
10,RXN22124.1,72.727,55,13,1,2,54,682,736,5.20e-19,89.4,85.45
10,XP_055034923.2,67.925,53,17,0,2,54,906,958,5.26e-19,89.4,88.68
10,MEQ2267042.1,67.925,53,17,0,2,54,142,194,5.39e-19,86.3,79.25
10,KAM3612867.1,71.698,53,15,0,2,54,760,812,5.46e-19,89.4,84.91
10,XP_077434714.1,71.698,53,15,0,2,54,780,832,5.46e-19,89.4,86.79
10,XP_065128781.1,67.925,53,17,0,2,54,950,1002,5.68e-19,89.4,88.68
10,XP_045885735.1,71.698,53,15,0,2,54,841,893,5.91e-19,89.4,84.91
10,XP_017272981.1,69.811,53,16,0,2,54,900,952,6.32e-19,89.4,86.79
11,KAI3351475.1,82.692,52,9,0,1,52,952,1003,2.80e-23,101,92.31
11,XP_067454429.1,80.769,52,10,0,1,52,893,944,4.13e-23,100,92.31
11,KAM3866980.1,82.692,52,9,0,1,52,943,994,4.38e-23,100,90.38
11,XP_034398892.1,82.692,52,9,0,1,52,834,885,4.78e-23,100,90.38
11,XP_068182287.1,78.846,52,11,0,1,52,929,980,6.09e-23,100,92.31
11,XP_023849523.1,80.769,52,10,0,1,52,989,1040,6.21e-23,100,88.46
11,XP_044219177.1,80.769,52,10,0,1,52,902,953,6.28e-23,100,92.31
11,XP_044061864.1,80.769,52,10,0,1,52,914,965,6.52e-23,100,92.31
11,XP_042348829.1,80.769,52,10,0,1,52,1153,1204,6.78e-23,100,90.38
11,KAN1029147.1,80.769,52,10,0,1,52,945,996,6.85e-23,100,92.31
11,KAM9356664.1,80.769,52,10,0,1,52,907,958,6.92e-23,100,90.38
11,KAM3612867.1,82.692,52,9,0,1,52,759,810,7.05e-23,100,88.46
11,XP_079892215.1,80.769,52,10,0,1,52,947,998,7.12e-23,100,90.38
11,XP_049898119.1,80.769,52,10,0,1,52,863,914,7.19e-23,100,90.38
11,MBN3319878.1,80.769,52,10,0,1,52,1021,1072,8.82e-23,100,90.38
11,XP_074505310.1,80.769,52,10,0,1,52,946,997,8.82e-23,100,90.38
11,XP_074529760.1,80.769,52,10,0,1,52,931,982,9.26e-23,100,90.38
11,XP_045885735.1,80.769,52,10,0,1,52,840,891,1.02e-22,99.8,90.38
11,KAG8003818.1,76.923,52,12,0,1,52,846,897,1.03e-22,99.8,90.38
11,XP_067373872.1,80.769,52,10,0,1,52,897,948,1.04e-22,99.8,90.38
11,XP_015200773.2,80.769,52,10,0,1,52,948,999,1.06e-22,99.8,90.38
11,XP_056295640.1,80.769,52,10,0,1,52,836,887,1.08e-22,99.8,90.38
11,KAF7668536.1,78.846,52,11,0,1,52,328,379,1.08e-22,99.8,90.38
11,XP_043112665.1,80.769,52,10,0,1,52,907,958,1.11e-22,99.8,90.38
11,KAM7389104.1,80.769,52,10,0,1,52,737,788,1.22e-22,99.8,90.38
11,XP_056295642.1,80.769,52,10,0,1,52,869,920,1.24e-22,99.8,90.38
11,KAL1262016.1,80.769,52,10,0,1,52,955,1006,1.25e-22,99.8,90.38
11,XP_060903549.1,78.846,52,11,0,1,52,934,985,1.26e-22,99.8,92.31
11,KAL0974310.1,76.471,51,12,0,2,52,166,216,1.31e-22,98.2,92.16
11,XP_034545945.1,80.769,52,10,0,1,52,880,931,1.33e-22,99.4,90.38
11,XP_046262910.1,78.846,52,11,0,1,52,861,912,1.33e-22,99.4,92.31
11,XP_054648859.1,78.846,52,11,0,1,52,878,929,1.35e-22,99.4,90.38
11,XP_019936270.2,80.769,52,10,0,1,52,925,976,1.37e-22,99.4,90.38
11,KAK2904426.1,80.769,52,10,0,1,52,910,961,1.41e-22,99.4,90.38
11,CAJ1059042.1,80.769,52,10,0,1,52,936,987,1.43e-22,99.4,88.46
11,XP_016387980.1,80.769,52,10,0,1,52,670,721,1.45e-22,99.4,90.38
11,XP_040904286.1,80.769,52,10,0,1,52,914,965,1.49e-22,99.4,88.46
11,XP_026186736.1,78.846,52,11,0,1,52,948,999,1.54e-22,99.4,90.38
11,XP_075959553.1,80.769,52,10,0,1,52,946,997,1.63e-22,99.4,90.38
11,KAM9849644.1,80.769,52,10,0,1,52,934,985,1.66e-22,99.4,88.46
11,XP_054453569.1,80.769,52,10,0,1,52,899,950,1.81e-22,99.0,90.38
11,XP_039520437.1,80.769,52,10,0,1,52,934,985,1.85e-22,99.0,88.46
11,XP_029369087.1,78.846,52,11,0,1,52,888,939,1.90e-22,99.0,90.38
11,XP_069526364.1,78.846,52,11,0,1,52,939,990,2.18e-22,99.0,90.38
11,XP_041800377.1,78.846,52,11,0,1,52,887,938,2.22e-22,99.0,90.38
11,XP_068596758.1,76.923,52,12,0,1,52,942,993,2.33e-22,99.0,90.38
11,KAJ8015452.1,80.392,51,10,0,2,52,319,369,2.42e-22,98.6,88.24
11,KAM7417237.1,78.846,52,11,0,1,52,984,1035,2.55e-22,98.6,88.46
11,XP_079084720.1,78.846,52,11,0,1,52,940,991,2.57e-22,98.6,90.38
11,XP_016111476.1,78.846,52,11,0,1,52,970,1021,2.86e-22,98.6,90.38
11,XP_030001691.1,78.846,52,11,0,1,52,936,987,3.04e-22,98.6,88.46
11,XP_033829603.2,76.923,52,12,0,1,52,922,973,3.04e-22,98.6,90.38
11,KAA8588648.1,76.923,52,12,0,1,52,998,1049,3.31e-22,98.2,90.38
11,XP_067312647.1,78.846,52,11,0,1,52,862,913,3.31e-22,98.2,88.46
11,XP_057914097.2,76.923,52,12,0,1,52,873,924,3.35e-22,98.2,90.38
11,XP_068447771.1,80.769,52,10,0,1,52,940,991,3.41e-22,98.2,90.38
11,KAK2848860.1,78.846,52,11,0,1,52,632,683,3.51e-22,98.2,90.38
11,XP_053179658.1,76.923,52,12,0,1,52,887,938,3.91e-22,98.2,92.31
11,XP_058653064.1,78.846,52,11,0,1,52,865,916,3.95e-22,98.2,90.38
11,NP_001431167.1,80.392,51,10,0,2,52,968,1018,4.10e-22,98.2,88.24
11,XP_051275250.1,76.923,52,12,0,1,52,945,996,4.44e-22,98.2,90.38
11,XP_071778865.2,78.846,52,11,0,1,52,928,979,4.75e-22,97.8,88.46
11,XP_069557874.1,80.769,52,10,0,1,52,896,947,4.99e-22,97.8,88.46
11,XP_010727808.1,76.923,52,12,0,1,52,886,937,5.13e-22,97.8,88.46
11,XP_042594231.1,78.846,52,11,0,1,52,958,1009,5.44e-22,97.8,90.38
11,XP_072252437.1,80.769,52,10,0,1,52,945,996,5.71e-22,97.8,88.46
11,XP_035506505.2,78.431,51,11,0,2,52,902,952,6.00e-22,97.8,90.20
11,XP_070693269.1,78.431,51,11,0,2,52,937,987,6.94e-22,97.4,90.20
11,XP_079413307.1,76.923,52,12,0,1,52,869,920,7.22e-22,97.4,88.46
11,XP_039670365.1,76.923,52,12,0,1,52,946,997,8.27e-22,97.4,88.46
11,XP_058506572.1,78.846,52,11,0,1,52,913,964,8.27e-22,97.4,88.46
11,XP_030650137.1,78.846,52,11,0,1,52,885,936,8.60e-22,97.1,86.54
11,XP_055034923.2,75.000,52,13,0,1,52,905,956,9.66e-22,97.1,90.38
11,KAK7922219.1,75.000,52,13,0,1,52,1190,1241,9.85e-22,97.1,88.46
11,XP_065128781.1,75.000,52,13,0,1,52,949,1000,1.00e-21,97.1,90.38
11,KAM6923420.1,80.392,51,10,0,2,52,938,988,1.10e-21,97.1,88.24
11,XP_072291301.1,78.431,51,11,0,2,52,880,930,1.13e-21,97.1,88.24
11,XP_079106183.1,78.846,52,11,0,1,52,946,997,1.15e-21,96.7,86.54
11,XP_049606886.1,76.471,51,12,0,2,52,839,889,1.27e-21,96.7,90.20
11,XP_019901201.2,78.431,51,11,0,2,52,987,1037,1.28e-21,96.7,88.24
11,RXN22124.1,79.630,54,9,1,1,52,681,734,1.29e-21,96.7,88.89
11,XP_013857423.1,75.000,52,13,0,1,52,969,1020,1.32e-21,96.7,92.31
11,XP_020463140.1,75.000,52,13,0,1,52,885,936,1.39e-21,96.7,88.46
11,XP_041653991.1,78.846,52,11,0,1,52,877,928,1.47e-21,96.7,86.54
11,XP_028272289.1,80.769,52,10,0,1,52,882,933,1.57e-21,96.3,84.62
11,TWW55336.1,69.231,52,16,0,1,52,307,358,1.63e-21,96.3,84.62
11,XP_070819554.1,75.000,52,13,0,1,52,905,956,1.68e-21,96.3,86.54
11,XP_029918660.1,75.000,52,13,0,1,52,908,959,1.77e-21,96.3,88.46
11,XP_051505623.1,78.431,51,11,0,2,52,992,1042,1.80e-21,96.3,88.24
11,XP_057205121.1,75.000,52,13,0,1,52,928,979,1.82e-21,96.3,90.38
11,KAF3838736.1,76.923,52,12,0,1,52,296,347,1.91e-21,95.9,86.54
11,XP_079336665.1,75.000,52,13,0,1,52,949,1000,2.15e-21,95.9,88.46
11,XP_059202954.1,75.000,52,13,0,1,52,901,952,2.28e-21,95.9,84.62
11,XP_039976492.1,75.000,52,13,0,1,52,859,910,2.30e-21,95.9,88.46
11,XP_026214216.1,75.000,52,13,0,1,52,904,955,2.32e-21,95.9,88.46
11,KAJ4946215.1,76.923,52,12,0,1,52,656,707,2.37e-21,95.9,86.54
11,KAI9521473.1,76.923,52,12,0,1,52,339,390,2.40e-21,95.9,86.54
11,XP_057705328.1,74.510,51,13,0,2,52,839,889,2.56e-21,95.9,90.20
11,XP_076005374.1,75.000,52,13,0,1,52,891,942,2.68e-21,95.9,88.46
11,XP_029296902.1,76.923,52,12,0,1,52,941,992,3.11e-21,95.5,86.54
12,XP_061895770.1,74.074,54,14,0,1,54,884,937,2.39e-24,104,88.89
12,TWW55336.1,70.370,54,16,0,1,54,307,360,3.29e-24,103,87.04
12,XP_079413307.1,80.392,51,10,0,4,54,872,922,7.46e-24,103,96.08
12,KAM9849644.1,77.778,54,12,0,1,54,934,987,8.22e-24,103,90.74
12,XP_034036848.1,72.222,54,15,0,1,54,703,756,9.06e-24,102,85.19
12,XP_054648859.1,72.222,54,15,0,1,54,878,931,9.70e-24,102,88.89
12,KAM3866980.1,75.926,54,13,0,1,54,943,996,2.83e-23,101,90.74
12,XP_051920644.1,74.510,51,13,0,4,54,835,885,3.00e-23,101,92.16
12,CAJ1059042.1,75.926,54,13,0,1,54,936,989,3.15e-23,101,88.89
12,KAI3351475.1,77.778,54,12,0,1,54,952,1005,3.47e-23,101,88.89
12,XP_051920633.1,74.510,51,13,0,4,54,835,885,4.60e-23,100,92.16
12,XP_023849523.1,75.926,54,13,0,1,54,989,1042,5.02e-23,100,87.04
12,XP_067454429.1,75.926,54,13,0,1,54,893,946,5.12e-23,100,88.89
12,XP_049898119.1,77.778,54,12,0,1,54,863,916,5.27e-23,100,87.04
12,XP_034398892.1,75.926,54,13,0,1,54,834,887,6.66e-23,100,88.89
12,XP_053179658.1,77.778,54,12,0,1,54,887,940,6.66e-23,100,88.89
12,KAM6953133.1,80.392,51,10,0,4,54,996,1046,7.41e-23,100,92.16
12,XP_044219177.1,75.926,54,13,0,1,54,902,955,7.55e-23,100,88.89
12,XP_075959553.1,75.926,54,13,0,1,54,946,999,8.25e-23,100,88.89
12,XP_061690115.1,74.510,51,13,0,4,54,840,890,9.18e-23,100,92.16
12,XP_026186736.1,74.074,54,14,0,1,54,948,1001,9.36e-23,100,88.89
12,KAF7668536.1,74.074,54,14,0,1,54,328,381,9.61e-23,99.8,90.74
12,XP_029918660.1,77.778,54,12,0,1,54,908,961,9.82e-23,100,87.04
12,KAM3612867.1,77.778,54,12,0,1,54,759,812,1.09e-22,99.8,87.04
12,XP_039670365.1,74.074,54,14,0,1,54,946,999,1.10e-22,99.8,88.89
12,XP_041653991.1,78.431,51,11,0,4,54,880,930,1.15e-22,99.8,92.16
12,XP_054453569.1,75.926,54,13,0,1,54,899,952,1.19e-22,99.8,88.89
12,XP_079892215.1,74.074,54,14,0,1,54,947,1000,1.35e-22,99.8,88.89
12,XP_057205121.1,78.431,51,11,0,4,54,931,981,1.37e-22,99.8,92.16
12,KAM9356664.1,74.074,54,14,0,1,54,907,960,1.42e-22,99.4,88.89
12,XP_079208570.1,72.222,54,15,0,1,54,916,969,1.46e-22,99.4,88.89
12,XP_068596758.1,72.222,54,15,0,1,54,942,995,1.46e-22,99.4,90.74
12,XP_074505310.1,74.074,54,14,0,1,54,946,999,1.49e-22,99.4,88.89
12,XP_079336665.1,74.074,54,14,0,1,54,949,1002,1.54e-22,99.4,87.04
12,XP_067373872.1,74.074,54,14,0,1,54,897,950,1.66e-22,99.4,88.89
12,XP_074529760.1,74.074,54,14,0,1,54,931,984,1.68e-22,99.4,88.89
12,XP_060903549.1,74.074,54,14,0,1,54,934,987,1.71e-22,99.4,88.89
12,XP_042348829.1,74.074,54,14,0,1,54,1153,1206,1.71e-22,99.4,88.89
12,XP_030251406.1,74.074,54,14,0,1,54,937,990,1.78e-22,99.4,88.89
12,XP_056295640.1,74.074,54,14,0,1,54,836,889,1.80e-22,99.4,88.89
12,XP_046262910.1,74.074,54,14,0,1,54,861,914,1.81e-22,99.4,88.89
12,XP_039520437.1,75.926,54,13,0,1,54,934,987,1.83e-22,99.4,88.89
12,KAK2904426.1,74.074,54,14,0,1,54,910,963,1.90e-22,99.4,88.89
12,XP_068447771.1,75.926,54,13,0,1,54,940,993,1.94e-22,99.0,88.89
12,XP_077434714.1,73.585,53,14,0,2,54,780,832,2.00e-22,99.0,92.45
12,XP_040904286.1,74.074,54,14,0,1,54,914,967,2.00e-22,99.0,88.89
12,XP_029703263.1,77.083,48,11,0,7,54,915,962,2.04e-22,99.0,93.75
12,KAJ8367595.1,85.417,48,7,0,7,54,899,946,2.12e-22,99.0,93.75
12,XP_056295642.1,74.074,54,14,0,1,54,869,922,2.16e-22,99.0,88.89
12,XP_067312647.1,78.431,51,11,0,4,54,865,915,2.36e-22,99.0,92.16
12,XP_034545945.1,74.074,54,14,0,1,54,880,933,2.57e-22,99.0,88.89
12,XP_043112665.1,74.074,54,14,0,1,54,907,960,2.60e-22,99.0,88.89
12,KAM7389104.1,74.074,54,14,0,1,54,737,790,2.62e-22,99.0,88.89
12,NP_001431167.1,78.431,51,11,0,4,54,970,1020,2.76e-22,98.6,92.16
12,XP_019936270.2,74.074,54,14,0,1,54,925,978,2.78e-22,98.6,88.89
12,KAL1262016.1,74.074,54,14,0,1,54,955,1008,3.01e-22,98.6,88.89
12,XP_029369087.1,72.222,54,15,0,1,54,888,941,3.13e-22,98.6,90.74
12,XP_035983443.1,70.370,54,16,0,1,54,900,953,3.13e-22,98.6,87.04
12,XP_028272289.1,75.926,54,13,0,1,54,882,935,3.48e-22,98.6,87.04
12,XP_051944898.1,83.333,48,8,0,7,54,984,1031,3.48e-22,98.6,93.75
12,XP_016387980.1,74.074,54,14,0,1,54,670,723,3.65e-22,98.2,88.89
12,XP_042594231.1,78.431,51,11,0,4,54,961,1011,3.65e-22,98.2,92.16
12,XP_030650137.1,74.074,54,14,0,1,54,885,938,3.69e-22,98.2,88.89
12,XP_030001691.1,74.074,54,14,0,1,54,936,989,3.69e-22,98.2,87.04
12,XP_051275250.1,72.222,54,15,0,1,54,945,998,3.84e-22,98.2,88.89
12,XP_059202954.1,72.222,54,15,0,1,54,901,954,4.19e-22,98.2,85.19
12,XP_058653064.1,74.074,54,14,0,1,54,865,918,4.27e-22,98.2,87.04
12,XP_069526364.1,72.222,54,15,0,1,54,939,992,4.27e-22,98.2,88.89
12,KAM7417237.1,72.222,54,15,0,1,54,984,1037,4.99e-22,97.8,87.04
12,KAL2089199.1,79.167,48,10,0,7,54,1016,1063,5.19e-22,97.8,95.83
12,XP_079084720.1,72.222,54,15,0,1,54,940,993,5.29e-22,97.8,88.89
12,XP_010727808.1,72.222,54,15,0,1,54,886,939,5.34e-22,97.8,87.04
12,XP_067104167.1,78.431,51,11,0,4,54,927,977,5.50e-22,97.8,90.20
12,XP_041800377.1,72.222,54,15,0,1,54,887,940,6.24e-22,97.8,88.89
12,XP_056328151.1,78.431,51,11,0,4,54,966,1016,6.62e-22,97.8,90.20
12,XP_061644484.1,68.627,51,16,0,4,54,842,892,6.88e-22,97.4,92.16
12,XP_020463140.1,74.074,54,14,0,1,54,885,938,6.88e-22,97.4,87.04
12,XP_049606886.1,76.471,51,12,0,4,54,841,891,7.36e-22,97.4,92.16
12,KAL0974310.1,74.510,51,13,0,4,54,168,218,7.55e-22,96.3,88.24
12,XP_058506572.1,74.074,54,14,0,1,54,913,966,7.58e-22,97.4,87.04
12,XP_072252437.1,75.926,54,13,0,1,54,945,998,7.66e-22,97.4,87.04
12,XP_016111476.1,72.222,54,15,0,1,54,970,1023,8.04e-22,97.4,88.89
12,XP_057914097.2,70.370,54,16,0,1,54,873,926,8.12e-22,97.4,88.89
12,XP_068182287.1,74.074,54,14,0,1,54,929,982,8.19e-22,97.4,87.04
12,XP_076005374.1,72.222,54,15,0,1,54,891,944,8.27e-22,97.4,88.89
12,XP_055015591.1,70.370,54,16,0,1,54,897,950,8.69e-22,97.4,90.74
12,XP_038125007.1,77.778,54,12,0,1,54,916,969,8.94e-22,97.4,83.33
12,XP_035506505.2,74.510,51,13,0,4,54,904,954,9.12e-22,97.4,92.16
12,KAK2848860.1,72.222,54,15,0,1,54,632,685,9.21e-22,97.1,88.89
12,XP_078810026.1,77.083,48,11,0,7,54,758,805,9.30e-22,97.1,93.75
12,XP_070819554.1,70.370,54,16,0,1,54,905,958,9.58e-22,97.1,87.04
12,XP_032410966.1,77.083,48,11,0,7,54,903,950,9.67e-22,97.1,91.67
12,CAB1460765.1,72.222,54,15,0,1,54,492,545,1.00e-21,97.1,88.89
12,XP_071778865.2,72.222,54,15,0,1,54,928,981,1.06e-21,97.1,87.04
12,XP_070693269.1,74.510,51,13,0,4,54,939,989,1.08e-21,97.1,92.16
12,CAN9514614.1,78.431,51,11,0,4,54,909,959,1.09e-21,97.1,88.24
12,KAG8003818.1,70.370,54,16,0,1,54,846,899,1.27e-21,96.7,87.04
12,XP_045885735.1,72.222,54,15,0,1,54,840,893,1.29e-21,96.7,87.04
12,KAA8588648.1,70.370,54,16,0,1,54,998,1051,1.36e-21,96.7,88.89
12,XP_053285208.1,72.222,54,15,0,1,54,892,945,1.40e-21,96.7,88.89
13,KAJ8015452.1,84.314,51,8,0,2,52,319,369,6.13e-24,103,92.16
13,CAJ1059042.1,84.615,52,8,0,1,52,936,987,1.06e-23,102,94.23
13,XP_039670365.1,82.692,52,9,0,1,52,946,997,1.46e-23,102,92.31
13,XP_034398892.1,84.615,52,8,0,1,52,834,885,2.67e-23,101,94.23
13,XP_067373872.1,82.692,52,9,0,1,52,897,948,3.40e-23,101,92.31
13,KAI3351475.1,84.615,52,8,0,1,52,952,1003,3.78e-23,100,94.23
13,XP_042348829.1,82.692,52,9,0,1,52,1153,1204,3.93e-23,100,94.23
13,KAN1029147.1,82.692,52,9,0,1,52,945,996,4.21e-23,100,94.23
13,XP_044061864.1,82.692,52,9,0,1,52,914,965,4.25e-23,100,94.23
13,KAM9356664.1,82.692,52,9,0,1,52,907,958,4.25e-23,100,94.23
13,XP_079892215.1,82.692,52,9,0,1,52,947,998,4.64e-23,100,94.23
13,TWW55336.1,75.000,52,13,0,1,52,307,358,4.66e-23,100,86.54
13,KAK2904426.1,82.692,52,9,0,1,52,910,961,4.69e-23,100,92.31
13,KAM3612867.1,84.615,52,8,0,1,52,759,810,4.92e-23,100,92.31
13,XP_067454429.1,82.692,52,9,0,1,52,893,944,5.07e-23,100,94.23
13,XP_074505310.1,82.692,52,9,0,1,52,946,997,5.27e-23,100,94.23
13,XP_060903549.1,82.692,52,9,0,1,52,934,985,5.37e-23,100,94.23
13,XP_045885735.1,82.692,52,9,0,1,52,840,891,5.42e-23,100,94.23
13,XP_029918660.1,80.769,52,10,0,1,52,908,959,5.81e-23,100,92.31
13,XP_074529760.1,82.692,52,9,0,1,52,931,982,5.98e-23,100,94.23
13,KAK2848860.1,82.692,52,9,0,1,52,632,683,6.28e-23,100,94.23
13,XP_053179658.1,80.769,52,10,0,1,52,887,938,6.78e-23,100,94.23
13,KAM7389104.1,82.692,52,9,0,1,52,737,788,7.19e-23,100,94.23
13,XP_056295640.1,82.692,52,9,0,1,52,836,887,7.40e-23,100,94.23
13,KAL0974310.1,78.431,51,11,0,2,52,166,216,7.51e-23,99.0,94.12
13,XP_023849523.1,80.769,52,10,0,1,52,989,1040,7.85e-23,100,92.31
13,XP_034036848.1,75.000,52,13,0,1,52,703,754,8.08e-23,100,88.46
13,XP_044219177.1,82.692,52,9,0,1,52,902,953,8.16e-23,100,94.23
13,XP_054648859.1,80.769,52,10,0,1,52,878,929,8.65e-23,100,94.23
13,XP_056295642.1,82.692,52,9,0,1,52,869,920,8.65e-23,100,94.23
13,XP_026186736.1,80.769,52,10,0,1,52,948,999,8.74e-23,100,94.23
13,XP_019936270.2,82.692,52,9,0,1,52,925,976,8.99e-23,100,92.31
13,XP_057205121.1,80.769,52,10,0,1,52,928,979,8.99e-23,100,94.23
13,XP_034545945.1,82.692,52,9,0,1,52,880,931,9.26e-23,100,92.31
13,XP_049898119.1,82.692,52,9,0,1,52,863,914,9.35e-23,100,92.31
13,KAM9849644.1,82.692,52,9,0,1,52,934,985,9.91e-23,99.8,92.31
13,XP_020463140.1,80.769,52,10,0,1,52,885,936,1.06e-22,99.8,92.31
13,XP_075959553.1,82.692,52,9,0,1,52,946,997,1.10e-22,99.8,94.23
13,KAA8588648.1,78.846,52,11,0,1,52,998,1049,1.11e-22,99.8,92.31
13,XP_054453569.1,82.692,52,9,0,1,52,899,950,1.24e-22,99.8,94.23
13,XP_046262910.1,80.769,52,10,0,1,52,861,912,1.35e-22,99.4,94.23
13,XP_056328151.1,78.846,52,11,0,1,52,963,1014,1.39e-22,99.4,92.31
13,KAM7417237.1,80.769,52,10,0,1,52,984,1035,1.46e-22,99.4,92.31
13,XP_069526364.1,80.769,52,10,0,1,52,939,990,1.46e-22,99.4,94.23
13,XP_041653991.1,80.769,52,10,0,1,52,877,928,1.52e-22,99.4,92.31
13,XP_041800377.1,80.769,52,10,0,1,52,887,938,1.57e-22,99.4,94.23
13,XP_055034923.2,78.846,52,11,0,1,52,905,956,1.60e-22,99.4,94.23
13,XP_079084720.1,80.769,52,10,0,1,52,940,991,1.71e-22,99.4,94.23
13,XP_028272289.1,82.692,52,9,0,1,52,882,933,1.78e-22,99.0,92.31
13,KAF7668536.1,78.846,52,11,0,1,52,328,379,1.81e-22,99.0,94.23
13,XP_065128781.1,78.846,52,11,0,1,52,949,1000,1.83e-22,99.0,94.23
13,XP_059202954.1,78.846,52,11,0,1,52,901,952,1.85e-22,99.0,90.38
13,XP_058653064.1,78.846,52,11,0,1,52,865,916,1.88e-22,99.0,92.31
13,XP_030001691.1,80.769,52,10,0,1,52,936,987,2.04e-22,99.0,92.31
13,XP_057914097.2,78.846,52,11,0,1,52,873,924,2.08e-22,99.0,94.23
13,XP_019901201.2,85.714,49,7,0,4,52,989,1037,2.33e-22,99.0,93.88
13,XP_068447771.1,82.692,52,9,0,1,52,940,991,2.52e-22,98.6,92.31
13,XP_071778865.2,80.769,52,10,0,1,52,928,979,2.73e-22,98.6,92.31
13,XP_070819554.1,78.846,52,11,0,1,52,905,956,2.73e-22,98.6,92.31
13,XP_040904286.1,80.769,52,10,0,1,52,914,965,2.86e-22,98.6,92.31
13,XP_043112665.1,78.846,52,11,0,1,52,907,958,3.13e-22,98.6,92.31
13,KAL1262016.1,78.846,52,11,0,1,52,955,1006,3.28e-22,98.6,92.31
13,XP_070693269.1,80.392,51,10,0,2,52,937,987,3.44e-22,98.2,94.12
13,XP_039520437.1,80.769,52,10,0,1,52,934,985,3.44e-22,98.2,90.38
13,XP_035506505.2,80.392,51,10,0,2,52,902,952,3.48e-22,98.2,94.12
13,XP_079336665.1,78.846,52,11,0,1,52,949,1000,3.72e-22,98.2,92.31
13,XP_010727808.1,78.846,52,11,0,1,52,886,937,3.80e-22,98.2,90.38
13,XP_029369087.1,78.846,52,11,0,1,52,888,939,3.83e-22,98.2,94.23
13,KAM3866980.1,78.846,52,11,0,1,52,943,994,3.87e-22,98.2,92.31
13,XP_039976492.1,78.846,52,11,0,1,52,859,910,3.91e-22,98.2,92.31
13,XP_016387980.1,78.846,52,11,0,1,52,670,721,4.23e-22,98.2,92.31
13,MBN3319878.1,78.846,52,11,0,1,52,1021,1072,4.99e-22,97.8,90.38
13,XP_067312647.1,78.846,52,11,0,1,52,862,913,5.18e-22,97.8,90.38
13,XP_051275250.1,76.923,52,12,0,1,52,945,996,5.39e-22,97.8,94.23
13,NP_001431167.1,78.846,52,11,0,1,52,967,1018,5.60e-22,97.8,88.46
13,XP_051505623.1,80.392,51,10,0,2,52,992,1042,6.42e-22,97.4,92.16
13,XP_072252437.1,82.692,52,9,0,1,52,945,996,7.43e-22,97.4,90.38
13,XP_015200773.2,78.846,52,11,0,1,52,948,999,7.50e-22,97.4,90.38
13,XP_016111476.1,76.923,52,12,0,1,52,970,1021,7.58e-22,97.4,92.31
13,XP_058506572.1,80.769,52,10,0,1,52,913,964,8.35e-22,97.4,90.38
13,XP_068182287.1,76.923,52,12,0,1,52,929,980,9.03e-22,97.1,92.31
13,XP_049606886.1,78.431,51,11,0,2,52,839,889,1.08e-21,97.1,92.16
13,XP_026214216.1,76.923,52,12,0,1,52,904,955,1.32e-21,96.7,92.31
13,XP_042594231.1,76.923,52,12,0,1,52,958,1009,1.37e-21,96.7,92.31
13,KAM6953133.1,75.000,52,13,0,1,52,993,1044,1.40e-21,96.7,90.38
13,XP_030650137.1,78.846,52,11,0,1,52,885,936,1.45e-21,96.7,90.38
13,XP_029296902.1,78.846,52,11,0,1,52,941,992,1.60e-21,96.3,90.38
13,XP_076005374.1,76.923,52,12,0,1,52,891,942,1.77e-21,96.3,92.31
13,XP_057705328.1,76.471,51,12,0,2,52,839,889,1.84e-21,96.3,92.16
13,XP_079208570.1,76.923,52,12,0,1,52,916,967,1.89e-21,96.3,90.38
13,KAG8003818.1,75.000,52,13,0,1,52,846,897,1.99e-21,96.3,88.46
13,KAM9740510.1,80.769,52,10,0,1,52,940,991,2.04e-21,96.3,88.46
13,KAF3838736.1,78.846,52,11,0,1,52,296,347,2.05e-21,95.9,88.46
13,KAI9521473.1,78.846,52,11,0,1,52,339,390,2.13e-21,95.9,88.46
13,KAJ4946215.1,78.846,52,11,0,1,52,656,707,2.30e-21,95.9,88.46
13,XP_061644484.1,76.471,51,12,0,2,52,840,890,2.34e-21,95.9,92.16
13,XP_030251406.1,76.923,52,12,0,1,52,937,988,2.74e-21,95.9,90.38
13,XP_029020455.1,76.471,51,12,0,2,52,905,955,2.90e-21,95.9,90.20
13,RXN22124.1,77.778,54,10,1,1,52,681,734,2.99e-21,95.5,90.74
13,XP_061895770.1,76.923,52,12,0,1,52,884,935,3.26e-21,95.5,90.38
14,AKB11757.1,66.667,48,16,0,4,51,4,51,1.74e-17,77.8,79.17
14,AAG33031.1,62.745,51,19,0,1,51,26,76,2.08e-17,78.2,78.43
14,8HGO_C,62.745,51,19,0,1,51,5,55,2.38e-17,77.4,78.43
14,AIS22039.1,66.667,48,16,0,4,51,94,141,2.60e-17,79.7,79.17
14,CCA96179.1,62.745,51,19,0,1,51,25,75,2.61e-17,77.8,78.43
14,CEK41095.1,62.745,51,19,0,1,51,47,97,4.33e-17,78.2,78.43
14,3NJP_C,68.085,47,15,0,5,51,1,47,5.07e-17,76.3,80.85
14,1P9J_A,62.745,51,19,0,1,51,3,53,5.88e-17,76.3,76.47
14,WOZ30154.1,62.745,51,19,0,1,51,28,78,6.17e-17,77.8,78.43
14,AJF94343.1,68.085,47,15,0,5,51,63,109,6.84e-17,77.8,80.85
14,XP_013360879.1,66.667,51,17,0,1,51,928,978,9.03e-17,82.8,78.43
14,XHY58238.1,66.667,48,16,0,4,51,193,240,2.05e-16,79.7,81.25
14,KFO25828.1,64.706,51,18,0,1,51,1074,1124,2.66e-16,81.6,78.43
14,XP_010639812.1,64.706,51,18,0,1,51,927,977,3.17e-16,81.3,78.43
14,XP_010639819.1,64.706,51,18,0,1,51,785,835,3.47e-16,81.3,78.43
14,XP_045043000.2,72.340,47,13,0,5,51,969,1015,4.05e-16,80.9,78.72
14,XP_058405882.1,68.750,48,15,0,4,51,973,1020,5.70e-16,80.5,79.17
14,KAF5923813.1,68.750,48,15,0,4,51,768,815,5.75e-16,80.5,79.17
14,KAI5941806.1,69.565,46,14,0,5,50,1001,1046,6.40e-16,80.5,84.78
14,CAH6789072.1,67.391,46,15,0,6,51,474,519,7.19e-16,80.5,80.43
14,XP_044080195.1,68.000,50,16,0,1,50,869,918,7.20e-16,80.5,76.00
14,XP_007463284.1,70.213,47,14,0,5,51,974,1020,7.41e-16,80.1,80.85
14,XP_008568402.1,70.213,47,14,0,5,51,932,978,7.48e-16,80.1,80.85
14,XP_051041475.1,67.391,46,15,0,6,51,973,1018,8.09e-16,80.1,80.43
14,XP_022372883.1,68.000,50,16,0,1,50,926,975,9.09e-16,80.1,76.00
14,KAH0500763.1,62.745,51,19,0,1,51,880,930,9.55e-16,80.1,80.39
14,XP_069315310.1,69.565,46,14,0,6,51,853,898,1.04e-15,79.7,82.61
14,XP_032489293.1,68.085,47,15,0,5,51,867,913,1.05e-15,79.7,80.85
14,XP_057648983.1,68.085,47,15,0,5,51,1037,1083,1.16e-15,79.7,80.85
14,XP_020956121.1,66.667,48,16,0,4,51,867,914,1.27e-15,79.7,79.17
14,XP_069315307.1,69.565,46,14,0,6,51,976,1021,1.27e-15,79.7,82.61
14,XP_026958630.1,68.085,47,15,0,5,51,851,897,1.30e-15,79.7,80.85
14,XP_007191099.2,68.085,47,15,0,5,51,975,1021,1.45e-15,79.3,80.85
14,GAB1288109.1,68.085,47,15,0,5,51,944,990,1.54e-15,79.3,78.72
14,XP_076789365.1,69.565,46,14,0,6,51,1025,1070,1.83e-15,79.3,80.43
14,EGW10408.1,67.391,46,15,0,6,51,617,662,1.89e-15,79.0,80.43
14,ERE90154.1,67.391,46,15,0,6,51,1365,1410,1.93e-15,79.0,80.43
14,NP_999185.1,66.667,48,16,0,4,51,973,1020,2.04e-15,79.0,79.17
14,XP_045393436.1,70.455,44,13,0,6,49,927,970,2.19e-15,79.0,84.09
14,XP_035292856.1,67.391,46,15,0,6,51,1087,1132,2.21e-15,79.0,80.43
14,KAM6147989.1,64.706,51,18,0,1,51,847,897,2.30e-15,79.0,72.55
14,XP_028616266.1,69.565,46,14,0,6,51,974,1019,2.30e-15,79.0,80.43
14,XP_006869399.1,65.957,47,16,0,5,51,932,978,2.43e-15,79.0,82.98
14,XP_040607731.1,60.784,51,20,0,1,51,961,1011,2.51e-15,79.0,78.43
14,XP_031231333.1,68.085,47,15,0,5,51,932,978,2.53e-15,78.6,82.98
14,XP_027251495.1,67.391,46,15,0,6,51,978,1023,2.56e-15,78.6,80.43
14,XP_054582628.1,68.750,48,15,0,4,51,849,896,2.93e-15,78.6,77.08
14,XP_008063702.1,67.391,46,15,0,6,51,974,1019,3.20e-15,78.6,82.61
14,NP_001343950.1,62.745,51,19,0,1,51,848,898,3.29e-15,78.6,78.43
14,XP_054582617.1,68.750,48,15,0,4,51,930,977,3.29e-15,78.6,77.08
14,NP_001171601.1,62.745,51,19,0,1,51,930,980,3.70e-15,78.2,78.43
14,XP_029424473.1,70.455,44,13,0,6,49,529,572,4.04e-15,78.2,81.82
14,NP_001954.2,62.745,51,19,0,1,51,971,1021,4.24e-15,78.2,78.43
14,XP_045444983.1,70.833,48,14,0,4,51,931,978,4.50e-15,78.2,75.00
14,XP_044999509.1,64.706,51,18,0,1,51,951,1001,4.50e-15,78.2,74.51
14,XP_036046631.1,62.745,51,19,0,1,51,472,522,4.96e-15,77.8,76.47
14,ELK36546.1,62.745,51,19,0,1,51,1595,1645,5.16e-15,77.8,76.47
14,XP_069878556.1,68.889,45,14,0,6,50,971,1015,5.26e-15,77.8,80.00
14,XP_036046629.1,62.745,51,19,0,1,51,966,1016,5.57e-15,77.8,76.47
14,XP_036046627.1,62.745,51,19,0,1,51,966,1016,5.85e-15,77.8,76.47
14,XP_052035224.1,68.085,47,15,0,5,51,977,1023,6.09e-15,77.8,78.72
14,XP_049741479.1,70.455,44,13,0,6,49,938,981,6.27e-15,77.8,84.09
14,XP_064141513.1,70.455,44,13,0,6,49,856,899,6.58e-15,77.4,84.09
14,KAM4834100.1,67.391,46,15,0,5,50,965,1010,6.58e-15,77.4,80.43
14,XP_069903850.1,69.565,46,14,0,6,51,974,1019,6.58e-15,77.4,78.26
14,XP_069903851.1,69.565,46,14,0,6,51,812,857,6.77e-15,77.4,78.26
14,KAF6371648.1,68.085,47,15,0,5,51,485,531,7.32e-15,77.4,78.72
14,XP_048189597.1,66.667,45,15,0,6,50,971,1015,7.39e-15,77.4,82.22
14,XP_059518423.1,62.745,51,19,0,1,51,969,1019,7.47e-15,77.4,76.47
14,XP_012665796.1,67.391,46,15,0,6,51,907,952,7.61e-15,77.4,76.09
14,MBZ3878913.1,69.565,46,14,0,6,51,977,1022,8.00e-15,77.4,78.26
14,XP_036046630.1,62.745,51,19,0,1,51,689,739,8.15e-15,77.4,76.47
14,XP_036887726.1,64.583,48,17,0,4,51,928,975,8.99e-15,77.0,79.17
14,XP_036083514.1,64.583,48,17,0,4,51,973,1020,8.99e-15,77.0,79.17
14,KAL1772528.1,65.217,46,16,0,6,51,976,1021,9.44e-15,77.0,78.26
14,XP_032961164.1,68.085,47,15,0,5,51,783,829,1.00e-14,77.0,78.72
14,XP_073897635.1,65.217,46,16,0,6,51,898,943,1.00e-14,77.0,82.61
14,VCW78600.1,66.000,50,17,0,1,50,234,283,1.05e-14,77.0,74.00
14,XP_019491538.1,68.085,47,15,0,5,51,702,748,1.09e-14,77.0,78.72
14,XP_039094691.1,64.000,50,18,0,1,50,928,977,1.11e-14,77.0,76.00
14,XP_066243038.1,68.085,47,15,0,5,51,974,1020,1.30e-14,76.6,76.60
14,XP_047574170.1,66.000,50,17,0,1,50,803,852,1.43e-14,76.6,74.00
14,GAB9669836.1,65.957,47,16,0,5,51,913,959,1.46e-14,76.6,76.60
14,XP_035881167.1,65.957,47,16,0,5,51,970,1016,1.49e-14,76.6,78.72
14,XP_037686389.1,73.810,42,11,0,6,47,979,1020,1.52e-14,76.6,83.33
14,XP_029774959.1,62.000,50,19,0,1,50,963,1012,1.55e-14,76.6,76.00
14,KAF6129819.1,65.957,47,16,0,5,51,479,525,1.69e-14,76.3,78.72
14,XP_024907571.1,65.957,47,16,0,5,51,851,897,1.76e-14,76.3,76.60
14,WEX30113.1,59.184,49,20,0,3,51,3,51,1.78e-14,70.1,71.43
14,XP_012510532.1,68.182,44,14,0,6,49,918,961,1.85e-14,76.3,79.55
14,ELK06411.1,65.957,47,16,0,5,51,758,804,2.04e-14,76.3,76.60
14,GAB5570566.1,67.391,46,15,0,5,50,968,1013,2.06e-14,76.3,78.26
14,XP_051021530.1,67.391,46,15,0,6,51,974,1019,2.10e-14,76.3,78.26
14,XP_007938973.1,66.667,45,15,0,5,49,902,946,2.36e-14,75.9,82.22
14,XP_023565769.1,65.217,46,16,0,6,51,936,981,2.36e-14,75.9,78.26
14,XP_053421883.1,65.217,46,16,0,6,51,973,1018,2.73e-14,75.9,76.09
14,1EGF_A,63.043,46,17,0,6,51,6,51,2.79e-14,69.7,78.26
14,XP_077858232.1,67.391,46,15,0,6,51,1005,1050,2.95e-14,75.9,80.43
14,XP_025777121.1,67.391,46,15,0,5,50,852,897,3.04e-14,75.9,78.26
14,XP_063579644.1,67.391,46,15,0,6,51,886,931,3.16e-14,75.5,80.43
15,KAM3866980.1,66.667,54,16,1,1,52,943,996,2.67e-18,87.4,75.93
15,XP_067373872.1,66.667,54,16,1,1,52,897,950,3.31e-18,87.0,74.07
15,XP_042348829.1,66.667,54,16,1,1,52,1153,1206,3.94e-18,86.7,74.07
15,KAA8588648.1,66.667,54,16,1,1,52,998,1051,4.98e-18,86.7,75.93
15,XP_034398892.1,66.667,54,16,1,1,52,834,887,5.49e-18,86.3,75.93
15,XP_079084720.1,68.627,51,14,1,1,49,940,990,6.29e-18,86.3,80.39
15,KAM9356664.1,66.667,54,16,1,1,52,907,960,6.67e-18,86.3,74.07
15,XP_067454429.1,66.667,54,16,1,1,52,893,946,7.21e-18,85.9,74.07
15,XP_056295640.1,68.627,51,14,1,1,49,836,886,7.80e-18,85.9,78.43
15,XP_054648859.1,66.667,54,16,1,1,52,878,931,8.94e-18,85.9,74.07
15,XP_057914097.2,66.667,54,16,1,1,52,873,926,9.38e-18,85.9,74.07
15,KAI3351475.1,66.667,54,16,1,1,52,952,1005,1.03e-17,85.5,75.93
15,XP_049898119.1,66.667,54,16,1,1,52,863,916,1.40e-17,85.1,74.07
15,XP_068447771.1,64.815,54,17,1,1,52,940,993,2.28e-17,84.7,75.93
15,XP_026214216.1,66.667,54,16,1,1,52,904,957,2.90e-17,84.3,72.22
15,XP_041800377.1,64.815,54,17,1,1,52,887,940,3.30e-17,84.3,74.07
15,XP_044061864.1,68.519,54,15,1,1,52,914,967,3.36e-17,84.0,77.78
15,KAN1029147.1,68.519,54,15,1,1,52,945,998,3.43e-17,84.0,77.78
15,XP_075959553.1,64.815,54,17,1,1,52,946,999,3.49e-17,84.0,75.93
15,XP_030001691.1,66.667,54,16,1,1,52,936,989,3.63e-17,84.0,72.22
15,XP_070693269.1,66.038,53,16,1,2,52,937,989,4.01e-17,84.0,73.58
15,KAK2848860.1,66.667,54,16,1,1,52,632,685,4.50e-17,84.0,74.07
15,KAJ8015452.1,62.264,53,18,1,2,52,319,371,4.68e-17,83.6,77.36
15,CAB1460765.1,62.963,54,18,1,1,52,492,545,5.31e-17,83.6,74.07
15,XP_034036848.1,64.815,54,17,1,1,52,703,756,7.18e-17,83.2,68.52
15,KAK7922219.1,62.963,54,18,1,1,52,1190,1243,7.92e-17,83.2,72.22
15,CAJ1059042.1,68.519,54,15,1,1,52,936,989,8.65e-17,82.8,74.07
15,XP_068596758.1,66.667,51,15,1,1,49,942,992,1.14e-16,82.8,74.51
15,XP_039670365.1,68.519,54,15,1,1,52,946,999,1.20e-16,82.4,74.07
15,XP_034545945.1,66.667,54,16,1,1,52,880,933,1.25e-16,82.4,75.93
15,XP_019936270.2,66.667,54,16,1,1,52,925,978,1.28e-16,82.4,75.93
15,TWW55336.1,60.784,51,18,1,1,49,307,357,1.32e-16,82.4,72.55
15,CAO1539861.1,66.667,51,15,1,1,49,984,1034,1.34e-16,82.4,74.51
15,XP_029369087.1,66.667,54,16,1,1,52,888,941,1.48e-16,82.4,77.78
15,XP_030251406.1,64.815,54,17,1,1,52,937,990,1.83e-16,82.0,70.37
15,XP_029296902.1,64.815,54,17,1,1,52,941,994,2.08e-16,82.0,70.37
15,KAK2904426.1,66.667,54,16,1,1,52,910,963,2.20e-16,81.6,74.07
15,KAM9795146.1,64.151,53,17,1,2,52,918,970,2.36e-16,81.6,75.47
15,XP_045885735.1,66.667,54,16,1,1,52,840,893,2.38e-16,81.6,74.07
15,XP_010727808.1,68.519,54,15,1,1,52,886,939,2.41e-16,81.6,72.22
15,XP_056328151.1,64.815,54,17,1,1,52,963,1016,2.48e-16,81.6,75.93
15,KAL0974310.1,66.038,53,16,1,2,52,166,218,2.57e-16,81.3,77.36
15,XP_079413307.1,62.963,54,18,1,1,52,869,922,2.60e-16,81.6,72.22
15,XP_070819554.1,59.259,54,20,1,1,52,905,958,2.92e-16,81.6,72.22
15,KAF7668536.1,64.815,54,17,1,1,52,328,381,2.93e-16,81.6,75.93
15,XP_061644484.1,62.264,53,18,1,2,52,840,892,3.16e-16,81.3,73.58
15,XP_079892215.1,66.667,54,16,1,1,52,947,1000,3.19e-16,81.3,74.07
15,XP_046262910.1,66.667,54,16,1,1,52,861,914,3.29e-16,81.3,74.07
15,XP_074505310.1,66.667,54,16,1,1,52,946,999,3.38e-16,81.3,74.07
15,KAM3612867.1,68.519,54,15,1,1,52,759,812,3.55e-16,81.3,74.07
15,XP_035506505.2,67.925,53,15,1,2,52,902,954,3.59e-16,81.3,73.58
15,XP_059202954.1,68.519,54,15,1,1,52,901,954,3.62e-16,81.3,70.37
15,MBN3319878.1,64.815,54,17,1,1,52,1021,1074,3.62e-16,81.3,77.78
15,XP_044219177.1,66.667,54,16,1,1,52,902,955,3.66e-16,81.3,74.07
15,XP_074529760.1,66.667,54,16,1,1,52,931,984,3.73e-16,81.3,74.07
15,KAM7389104.1,66.667,54,16,1,1,52,737,790,3.92e-16,81.3,74.07
15,XP_015200773.2,64.815,54,17,1,1,52,948,1001,4.15e-16,80.9,77.78
15,XP_051920644.1,60.377,53,19,1,2,52,833,885,4.36e-16,80.9,71.70
15,XP_056295642.1,66.667,54,16,1,1,52,869,922,4.67e-16,80.9,75.93
15,XP_058506572.1,68.519,54,15,1,1,52,913,966,4.81e-16,80.9,74.07
15,XP_051920633.1,60.377,53,19,1,2,52,833,885,4.85e-16,80.9,71.70
15,KAG8003818.1,66.667,54,16,1,1,52,846,899,5.24e-16,80.9,72.22
15,XP_058653064.1,62.963,54,18,1,1,52,865,918,5.67e-16,80.5,75.93
15,XP_023849523.1,62.963,54,18,1,1,52,989,1042,5.90e-16,80.5,75.93
15,KAM7417237.1,66.667,54,16,1,1,52,984,1037,6.01e-16,80.5,72.22
15,XP_055034923.2,64.815,54,17,1,1,52,905,958,6.89e-16,80.5,74.07
15,XP_061895770.1,61.111,54,19,1,1,52,884,937,7.38e-16,80.5,70.37
15,XP_043112665.1,62.963,54,18,1,1,52,907,960,7.45e-16,80.5,75.93
15,XP_026186736.1,64.815,54,17,1,1,52,948,1001,7.75e-16,80.1,74.07
15,XP_039520437.1,64.815,54,17,1,1,52,934,987,7.82e-16,80.1,74.07
15,XP_055015591.1,64.706,51,16,1,4,52,900,950,7.90e-16,80.1,74.51
15,XP_065128781.1,64.815,54,17,1,1,52,949,1002,8.06e-16,80.1,74.07
15,XP_053735965.1,62.000,50,17,1,2,49,836,885,8.46e-16,80.1,78.00
15,XP_029918660.1,66.667,54,16,1,1,52,908,961,8.46e-16,80.1,74.07
15,KAL1262016.1,62.963,54,18,1,1,52,955,1008,8.54e-16,80.1,75.93
15,XP_069526364.1,64.815,54,17,1,1,52,939,992,8.62e-16,80.1,74.07
15,XP_060903549.1,64.815,54,17,1,1,52,934,987,9.23e-16,80.1,74.07
15,XP_072291301.1,62.264,53,18,1,2,52,880,932,9.60e-16,80.1,71.70
15,XP_071778865.2,66.667,54,16,1,1,52,928,981,9.79e-16,80.1,72.22
15,XP_016387980.1,62.963,54,18,1,1,52,670,723,9.88e-16,80.1,75.93
15,XP_076005374.1,68.519,54,15,1,1,52,891,944,9.88e-16,80.1,72.22
15,KAM9849644.1,64.815,54,17,1,1,52,934,987,1.13e-15,79.7,74.07
15,XP_054453569.1,64.815,54,17,1,1,52,899,952,1.19e-15,79.7,75.93
15,XP_068182287.1,64.815,54,17,1,1,52,929,982,1.31e-15,79.7,74.07
15,XP_016111476.1,62.963,54,18,1,1,52,970,1023,1.32e-15,79.7,75.93
15,XP_041653991.1,64.815,54,17,1,1,52,877,930,1.34e-15,79.7,72.22
15,XP_013857423.1,65.957,47,16,0,1,47,969,1015,1.38e-15,79.7,82.98
15,XP_051275250.1,64.815,54,17,1,1,52,945,998,1.43e-15,79.3,74.07
15,NP_001431167.1,64.151,53,17,1,2,52,968,1020,1.46e-15,79.3,73.58
15,XP_067312647.1,62.963,54,18,1,1,52,862,915,1.50e-15,79.3,74.07
15,XP_069557874.1,63.830,47,17,0,1,47,896,942,1.62e-15,79.3,78.72
15,XP_040904286.1,64.815,54,17,1,1,52,914,967,1.92e-15,79.3,72.22
15,XP_033829603.2,62.963,54,18,1,1,52,922,975,2.09e-15,79.0,75.93
15,XP_024918762.1,66.667,54,16,1,1,52,930,983,2.11e-15,79.0,72.22
15,XP_061690115.1,58.491,53,20,1,2,52,838,890,2.26e-15,79.0,71.70
15,XP_062249902.1,62.963,54,18,1,1,52,877,930,2.40e-15,79.0,75.93
15,XP_057705328.1,62.264,53,18,1,2,52,839,891,2.42e-15,79.0,73.58
15,XP_077434714.1,62.264,53,18,1,2,52,780,832,2.64e-15,78.6,75.47
15,XP_057205121.1,62.963,54,18,1,1,52,928,981,2.67e-15,78.6,74.07
15,XP_051505623.1,64.151,53,17,1,2,52,992,1044,2.67e-15,78.6,73.58
16,XHY58238.1,67.347,49,16,0,2,50,192,240,9.57e-21,90.9,87.76
16,ELK36546.1,72.000,50,14,0,1,50,1596,1645,1.52e-20,93.6,84.00
16,CCA96179.1,67.347,49,16,0,2,50,27,75,8.44e-19,81.6,87.76
16,CEK41095.1,67.347,49,16,0,2,50,49,97,9.00e-19,82.4,87.76
16,AAG33031.1,66.000,50,17,0,1,50,27,76,9.89e-19,81.6,86.00
16,8HGO_C,67.347,49,16,0,2,50,7,55,9.96e-19,80.9,87.76
16,WOZ30154.1,67.347,49,16,0,2,50,30,78,2.25e-18,81.6,87.76
16,KAL4679235.1,65.306,49,17,0,2,50,11,59,6.43e-18,83.6,85.71
16,XP_059518423.1,72.000,50,14,0,1,50,970,1019,7.27e-18,85.9,84.00
16,3NJP_C,68.085,47,15,0,4,50,1,47,1.01e-17,78.2,87.23
16,AJF94343.1,68.085,47,15,0,4,50,63,109,1.32e-17,79.7,87.23
16,TWW55336.1,61.224,49,19,0,2,50,310,358,1.37e-17,85.1,77.55
16,1P9J_A,64.583,48,17,0,3,50,6,53,1.72e-17,77.8,87.50
16,KAH0500763.1,71.429,49,14,0,2,50,882,930,5.06e-17,83.6,79.59
16,XP_054582628.1,70.833,48,14,0,3,50,849,896,5.68e-17,83.6,83.33
16,XP_074084813.1,67.347,49,16,0,2,50,930,978,5.74e-17,83.2,85.71
16,XP_054582617.1,70.833,48,14,0,3,50,930,977,6.64e-17,83.2,83.33
16,NP_001171601.1,67.347,49,16,0,2,50,932,980,8.07e-17,82.8,87.76
16,AKB11757.1,66.667,48,16,0,3,50,4,51,8.45e-17,75.9,79.17
16,NP_001343950.1,67.347,49,16,0,2,50,850,898,8.47e-17,82.8,87.76
16,NP_001954.2,67.347,49,16,0,2,50,973,1021,9.07e-17,82.8,87.76
16,AIS22039.1,66.667,48,16,0,3,50,94,141,9.68e-17,78.2,79.17
16,XP_039324357.1,65.306,49,17,0,2,50,989,1037,1.49e-16,82.0,87.76
16,XP_036083514.1,68.750,48,15,0,3,50,973,1020,1.51e-16,82.0,85.42
16,XP_045444983.1,68.750,48,15,0,3,50,931,978,1.55e-16,82.0,81.25
16,XP_039324362.1,65.306,49,17,0,2,50,718,766,1.63e-16,82.0,87.76
16,XP_057648983.1,67.347,49,16,0,2,50,1035,1083,1.81e-16,82.0,77.55
16,XP_036887726.1,68.750,48,15,0,3,50,928,975,1.87e-16,82.0,81.25
16,KAF6371648.1,70.213,47,14,0,4,50,485,531,1.94e-16,82.0,85.11
16,XP_016064947.1,68.000,50,16,0,1,50,970,1019,2.08e-16,81.6,82.00
16,XP_019491538.1,70.213,47,14,0,4,50,702,748,2.55e-16,81.6,85.11
16,XP_032961164.1,70.213,47,14,0,4,50,783,829,2.78e-16,81.3,85.11
16,XP_066243038.1,70.213,47,14,0,4,50,974,1020,4.62e-16,80.9,82.98
16,XP_021102285.1,64.000,50,18,0,1,50,476,525,4.62e-16,80.9,76.00
16,XP_045043000.2,68.085,47,15,0,4,50,969,1015,4.80e-16,80.9,82.98
16,ELK06411.1,68.085,47,15,0,4,50,758,804,4.85e-16,80.9,82.98
16,XP_035881167.1,68.085,47,15,0,4,50,970,1016,5.40e-16,80.5,80.85
16,XP_048858613.1,60.000,50,20,0,1,50,934,983,5.83e-16,80.5,76.00
16,GAB9669836.1,68.085,47,15,0,4,50,913,959,5.89e-16,80.5,82.98
16,ERE90154.1,61.224,49,19,0,2,50,1362,1410,5.89e-16,80.5,75.51
16,XP_073896408.1,65.306,49,17,0,2,50,405,453,5.95e-16,80.5,85.71
16,XP_013360879.1,64.000,50,18,0,1,50,929,978,6.12e-16,80.5,78.00
16,KAF6129819.1,68.085,47,15,0,4,50,479,525,6.18e-16,80.5,80.85
16,XP_024907571.1,68.085,47,15,0,4,50,851,897,6.31e-16,80.5,82.98
16,XP_063579644.1,65.306,49,17,0,2,50,883,931,6.62e-16,80.5,85.71
16,XP_023677952.2,63.043,46,17,0,5,50,937,982,7.09e-16,80.1,80.43
16,XP_050646952.1,65.306,49,17,0,2,50,814,862,7.44e-16,80.1,85.71
16,XP_061644484.1,61.538,52,18,1,1,50,839,890,7.66e-16,80.1,75.00
16,XP_077858232.1,65.306,49,17,0,2,50,1002,1050,8.37e-16,80.1,85.71
16,XP_053513013.1,66.667,48,16,0,3,50,769,816,9.04e-16,80.1,81.25
16,XP_061690115.1,63.462,52,17,1,1,50,837,888,9.68e-16,79.7,73.08
16,XP_035292856.1,61.224,49,19,0,2,50,1084,1132,1.09e-15,79.7,75.51
16,XP_019597526.2,68.085,47,15,0,4,50,974,1020,1.13e-15,79.7,82.98
16,XP_054447597.1,68.085,47,15,0,4,50,810,856,1.40e-15,79.3,82.98
16,XP_054447596.1,68.085,47,15,0,4,50,970,1016,1.43e-15,79.3,82.98
16,XP_006869399.1,65.957,47,16,0,4,50,932,978,1.49e-15,79.3,82.98
16,XP_008568402.1,68.085,47,15,0,4,50,932,978,1.50e-15,79.3,82.98
16,CAL8269296.1,60.870,46,18,0,5,50,32,77,1.65e-15,76.6,78.26
16,TNM98895.1,61.224,49,19,0,2,50,93,141,1.76e-15,78.6,77.55
16,XP_056152686.1,63.043,46,17,0,5,50,904,949,1.88e-15,79.0,76.09
16,XP_072519303.1,64.000,50,18,0,1,50,974,1023,1.99e-15,79.0,78.00
16,XP_057562221.1,62.000,50,19,0,1,50,839,888,2.05e-15,79.0,80.00
16,XP_040607731.1,63.265,49,18,0,2,50,963,1011,2.67e-15,78.6,77.55
16,KAG2466603.1,65.217,46,16,0,5,50,936,981,2.77e-15,78.6,84.78
16,XP_020857029.1,63.265,49,18,0,2,50,976,1024,2.86e-15,78.6,81.63
16,KFO25828.1,60.000,50,20,0,1,50,1075,1124,3.06e-15,78.6,74.00
16,XP_051920633.1,63.043,46,17,0,5,50,838,883,3.54e-15,78.2,78.26
16,XP_044999509.1,62.000,50,19,0,1,50,952,1001,3.57e-15,78.2,78.00
16,XP_057705328.1,59.615,52,19,1,1,50,838,889,3.75e-15,78.2,75.00
16,NP_999185.1,66.667,48,16,0,3,50,973,1020,3.79e-15,78.2,79.17
16,MBN3291613.1,65.217,46,16,0,5,50,936,981,4.10e-15,78.2,84.78
16,XP_031799580.1,64.583,48,17,0,3,50,869,916,4.14e-15,78.2,85.42
16,XP_031231333.1,65.957,47,16,0,4,50,932,978,4.18e-15,78.2,85.11
16,XP_029020455.1,65.217,46,16,0,5,50,910,955,4.18e-15,78.2,76.09
16,XP_032489293.1,65.957,47,16,0,4,50,867,913,4.30e-15,78.2,80.85
16,XP_057914097.2,63.043,46,17,0,5,50,879,924,4.52e-15,77.8,78.26
16,XP_049898119.1,63.043,46,17,0,5,50,869,914,4.70e-15,77.8,78.26
16,XP_073897635.1,67.391,46,15,0,5,50,898,943,4.74e-15,77.8,82.61
16,XP_062055726.1,67.391,46,15,0,5,50,660,705,5.33e-15,77.8,82.61
16,XP_026958630.1,65.957,47,16,0,4,50,851,897,5.33e-15,77.8,80.85
16,XP_067373872.1,60.870,46,18,0,5,50,903,948,5.33e-15,77.8,78.26
16,XP_007463284.1,63.830,47,17,0,4,50,974,1020,7.00e-15,77.4,80.85
16,XP_074131523.1,62.500,48,18,0,3,50,843,890,7.07e-15,77.4,83.33
16,XP_007191099.2,65.957,47,16,0,4,50,975,1021,7.07e-15,77.4,80.85
16,XP_061895770.1,63.043,46,17,0,5,50,890,935,7.43e-15,77.4,78.26
16,XP_027251495.1,61.224,49,19,0,2,50,975,1023,8.03e-15,77.4,75.51
16,XP_010639812.1,60.000,50,20,0,1,50,928,977,8.11e-15,77.4,74.00
16,KAA8588648.1,60.870,46,18,0,5,50,1004,1049,8.19e-15,77.4,78.26
16,EGW10408.1,61.224,49,19,0,2,50,614,662,8.26e-15,77.4,75.51
16,XP_034398892.1,63.043,46,17,0,5,50,840,885,8.68e-15,77.0,78.26
16,KYO24416.1,65.217,46,16,0,5,50,1300,1345,8.68e-15,77.0,80.43
16,XP_051821074.1,62.500,48,18,0,3,50,925,972,9.11e-15,77.0,83.33
16,XP_069903851.1,67.391,46,15,0,5,50,812,857,9.29e-15,77.0,80.43
16,GAB1288109.1,63.830,47,17,0,4,50,944,990,1.02e-14,77.0,76.60
16,XP_069903850.1,67.391,46,15,0,5,50,974,1019,1.02e-14,77.0,80.43
16,XP_019355690.1,65.217,46,16,0,5,50,1031,1076,1.08e-14,77.0,80.43
16,XP_058522911.1,67.391,46,15,0,5,50,811,856,1.11e-14,77.0,78.26
16,XP_064141513.1,63.043,46,17,0,5,50,856,901,1.12e-14,77.0,86.96
16,XP_058522910.1,67.391,46,15,0,5,50,973,1018,1.13e-14,77.0,78.26
16,XP_049741479.1,63.043,46,17,0,5,50,938,983,1.14e-14,77.0,86.96
17,CAJ1059042.1,82.692,52,9,0,1,52,936,987,2.71e-24,104,96.15
17,XP_023849523.1,82.692,52,9,0,1,52,989,1040,2.90e-24,104,96.15
17,KAL0974310.1,80.392,51,10,0,2,52,166,216,3.95e-24,102,98.04
17,XP_034398892.1,82.692,52,9,0,1,52,834,885,5.30e-24,103,96.15
17,KAK2848860.1,82.692,52,9,0,1,52,632,683,5.52e-24,103,96.15
17,XP_039670365.1,80.769,52,10,0,1,52,946,997,6.90e-24,103,94.23
17,KAJ8015452.1,82.353,51,9,0,2,52,319,369,7.86e-24,102,94.12
17,XP_060903549.1,82.692,52,9,0,1,52,934,985,8.71e-24,102,96.15
17,XP_029918660.1,84.615,52,8,0,1,52,908,959,9.23e-24,102,94.23
17,XP_067373872.1,80.769,52,10,0,1,52,897,948,9.41e-24,102,94.23
17,KAM9356664.1,80.769,52,10,0,1,52,907,958,1.01e-23,102,96.15
17,KAI3351475.1,82.692,52,9,0,1,52,952,1003,1.02e-23,102,96.15
17,TWW55336.1,71.154,52,15,0,1,52,307,358,1.14e-23,102,88.46
17,KAM3612867.1,82.692,52,9,0,1,52,759,810,1.16e-23,102,94.23
17,KAN1029147.1,80.769,52,10,0,1,52,945,996,1.17e-23,102,96.15
17,KAK2904426.1,80.769,52,10,0,1,52,910,961,1.19e-23,102,94.23
17,XP_044061864.1,80.769,52,10,0,1,52,914,965,1.21e-23,102,96.15
17,XP_042348829.1,80.769,52,10,0,1,52,1153,1204,1.22e-23,102,96.15
17,XP_074505310.1,80.769,52,10,0,1,52,946,997,1.22e-23,102,96.15
17,XP_074529760.1,80.769,52,10,0,1,52,931,982,1.27e-23,102,96.15
17,XP_045885735.1,80.769,52,10,0,1,52,840,891,1.27e-23,102,96.15
17,XP_079892215.1,80.769,52,10,0,1,52,947,998,1.34e-23,102,96.15
17,XP_056295640.1,80.769,52,10,0,1,52,836,887,1.38e-23,102,96.15
17,XP_035506505.2,82.353,51,9,0,2,52,902,952,1.42e-23,102,96.08
17,XP_056295642.1,80.769,52,10,0,1,52,869,920,1.43e-23,102,96.15
17,XP_067454429.1,80.769,52,10,0,1,52,893,944,1.47e-23,102,96.15
17,XP_034036848.1,75.000,52,13,0,1,52,703,754,1.52e-23,102,90.38
17,XP_053179658.1,82.692,52,9,0,1,52,887,938,1.58e-23,102,96.15
17,XP_058653064.1,78.846,52,11,0,1,52,865,916,1.67e-23,102,96.15
17,XP_057205121.1,80.769,52,10,0,1,52,928,979,1.92e-23,102,96.15
17,XP_075959553.1,80.769,52,10,0,1,52,946,997,1.93e-23,102,96.15
17,KAM7389104.1,80.769,52,10,0,1,52,737,788,1.99e-23,102,96.15
17,XP_044219177.1,80.769,52,10,0,1,52,902,953,2.15e-23,101,96.15
17,XP_054648859.1,78.846,52,11,0,1,52,878,929,2.24e-23,101,96.15
17,XP_026186736.1,78.846,52,11,0,1,52,948,999,2.33e-23,101,96.15
17,XP_049898119.1,80.769,52,10,0,1,52,863,914,2.37e-23,101,94.23
17,KAM7417237.1,80.769,52,10,0,1,52,984,1035,2.47e-23,101,94.23
17,KAM9849644.1,80.769,52,10,0,1,52,934,985,2.49e-23,101,94.23
17,XP_034545945.1,80.769,52,10,0,1,52,880,931,2.51e-23,101,94.23
17,XP_019936270.2,80.769,52,10,0,1,52,925,976,2.54e-23,101,94.23
17,XP_054453569.1,80.769,52,10,0,1,52,899,950,2.56e-23,101,96.15
17,XP_069526364.1,78.846,52,11,0,1,52,939,990,3.18e-23,101,96.15
17,XP_020463140.1,80.769,52,10,0,1,52,885,936,3.40e-23,101,94.23
17,XP_059202954.1,78.846,52,11,0,1,52,901,952,3.43e-23,101,92.31
17,XP_058506572.1,82.692,52,9,0,1,52,913,964,3.50e-23,101,92.31
17,XP_079084720.1,78.846,52,11,0,1,52,940,991,3.75e-23,100,96.15
17,XP_046262910.1,78.846,52,11,0,1,52,861,912,3.78e-23,100,96.15
17,XP_041800377.1,78.846,52,11,0,1,52,887,938,3.86e-23,100,96.15
17,XP_071778865.2,80.769,52,10,0,1,52,928,979,4.17e-23,100,94.23
17,XP_068447771.1,80.769,52,10,0,1,52,940,991,4.83e-23,100,94.23
17,XP_030001691.1,78.846,52,11,0,1,52,936,987,5.07e-23,100,94.23
17,XP_057914097.2,76.923,52,12,0,1,52,873,924,5.69e-23,100,96.15
17,XP_010727808.1,78.846,52,11,0,1,52,886,937,6.10e-23,100,92.31
17,KAM6953133.1,78.846,52,11,0,1,52,993,1044,6.28e-23,100,92.31
17,XP_068182287.1,78.846,52,11,0,1,52,929,980,6.40e-23,100,96.15
17,XP_043112665.1,76.923,52,12,0,1,52,907,958,6.78e-23,100,96.15
17,XP_039520437.1,78.846,52,11,0,1,52,934,985,6.85e-23,100,94.23
17,KAF7668536.1,76.923,52,12,0,1,52,328,379,7.24e-23,100,96.15
17,KAL1262016.1,76.923,52,12,0,1,52,955,1006,7.26e-23,100,96.15
17,XP_039976492.1,78.846,52,11,0,1,52,859,910,7.33e-23,100,94.23
17,KAA8588648.1,76.923,52,12,0,1,52,998,1049,7.55e-23,100,94.23
17,XP_040904286.1,78.846,52,11,0,1,52,914,965,7.77e-23,100,94.23
17,XP_076005374.1,78.846,52,11,0,1,52,891,942,7.77e-23,100,94.23
17,KAM3866980.1,76.923,52,12,0,1,52,943,994,8.65e-23,100,94.23
17,XP_049606886.1,80.392,51,10,0,2,52,839,889,8.91e-23,100,94.12
17,XP_070693269.1,78.431,51,11,0,2,52,937,987,9.54e-23,99.8,96.08
17,XP_016387980.1,76.923,52,12,0,1,52,670,721,1.03e-22,99.8,96.15
17,XP_029369087.1,76.923,52,12,0,1,52,888,939,1.09e-22,99.8,96.15
17,XP_079336665.1,76.923,52,12,0,1,52,949,1000,1.16e-22,99.8,94.23
17,NP_001431167.1,76.923,52,12,0,1,52,967,1018,1.24e-22,99.8,92.31
17,XP_051275250.1,75.000,52,13,0,1,52,945,996,1.29e-22,99.8,96.15
17,XP_026214216.1,76.923,52,12,0,1,52,904,955,1.35e-22,99.4,96.15
17,XP_067312647.1,76.923,52,12,0,1,52,862,913,1.43e-22,99.4,94.23
17,XP_055034923.2,76.923,52,12,0,1,52,905,956,1.51e-22,99.4,96.15
17,XP_028272289.1,78.846,52,11,0,1,52,882,933,1.63e-22,99.4,92.31
17,XP_065128781.1,76.923,52,12,0,1,52,949,1000,1.85e-22,99.0,96.15
17,XP_016111476.1,75.000,52,13,0,1,52,970,1021,1.94e-22,99.0,96.15
17,CAO1539861.1,75.000,52,13,0,1,52,984,1035,2.20e-22,99.0,94.23
17,XP_057705328.1,78.431,51,11,0,2,52,839,889,2.31e-22,99.0,94.12
17,XP_079208570.1,76.923,52,12,0,1,52,916,967,2.43e-22,98.6,92.31
17,XP_029296902.1,78.846,52,11,0,1,52,941,992,2.52e-22,98.6,92.31
17,KAI9521473.1,78.846,52,11,0,1,52,339,390,2.61e-22,98.6,90.38
17,XP_070819554.1,75.000,52,13,0,1,52,905,956,2.62e-22,98.6,92.31
17,XP_030650137.1,76.923,52,12,0,1,52,885,936,2.75e-22,98.6,94.23
17,KAJ4946215.1,78.846,52,11,0,1,52,656,707,2.78e-22,98.6,90.38
17,XP_042594231.1,75.000,52,13,0,1,52,958,1009,2.89e-22,98.6,96.15
17,KAF3838736.1,78.846,52,11,0,1,52,296,347,2.91e-22,98.2,90.38
17,KAG8003818.1,75.000,52,13,0,1,52,846,897,2.92e-22,98.6,90.38
17,XP_069557874.1,76.923,52,12,0,1,52,896,947,3.95e-22,98.2,94.23
17,XP_041653991.1,76.923,52,12,0,1,52,877,928,4.80e-22,97.8,92.31
17,MBN3319878.1,76.923,52,12,0,1,52,1021,1072,5.23e-22,97.8,92.31
17,XP_030251406.1,75.000,52,13,0,1,52,937,988,5.39e-22,97.8,92.31
17,XP_072252437.1,78.846,52,11,0,1,52,945,996,5.55e-22,97.8,90.38
17,XP_047441304.1,78.431,51,11,0,2,52,929,979,5.55e-22,97.8,96.08
17,XP_056328151.1,75.000,52,13,0,1,52,963,1014,5.66e-22,97.8,92.31
17,CAN9514614.1,76.923,52,12,0,1,52,906,957,5.88e-22,97.8,94.23
17,XP_015200773.2,76.923,52,12,0,1,52,948,999,6.24e-22,97.4,92.31
17,XP_077434714.1,76.471,51,12,0,2,52,780,830,6.24e-22,97.4,94.12
17,XP_029020455.1,78.431,51,11,0,2,52,905,955,7.22e-22,97.4,90.20
17,XP_077465914.1,76.471,51,12,0,2,52,775,825,7.50e-22,97.4,94.12
18,TWW55336.1,76.923,52,12,0,1,52,307,358,1.69e-25,107,90.38
18,XP_039670365.1,84.615,52,8,0,1,52,946,997,8.60e-25,105,96.15
18,XP_046262910.1,84.615,52,8,0,1,52,861,912,1.15e-24,105,98.08
18,CAJ1059042.1,84.615,52,8,0,1,52,936,987,1.16e-24,105,98.08
18,XP_029918660.1,86.538,52,7,0,1,52,908,959,1.29e-24,105,96.15
18,XP_053179658.1,86.538,52,7,0,1,52,887,938,1.43e-24,105,98.08
18,XP_023849523.1,82.692,52,9,0,1,52,989,1040,1.75e-24,104,98.08
18,XP_057914097.2,82.692,52,9,0,1,52,873,924,1.87e-24,104,98.08
18,XP_034398892.1,84.615,52,8,0,1,52,834,885,2.06e-24,104,98.08
18,KAI3351475.1,84.615,52,8,0,1,52,952,1003,3.11e-24,103,98.08
18,KAM9356664.1,82.692,52,9,0,1,52,907,958,3.46e-24,103,98.08
18,XP_042348829.1,82.692,52,9,0,1,52,1153,1204,4.00e-24,103,98.08
18,XP_045885735.1,82.692,52,9,0,1,52,840,891,4.08e-24,103,98.08
18,XP_067454429.1,82.692,52,9,0,1,52,893,944,4.12e-24,103,98.08
18,KAM3612867.1,84.615,52,8,0,1,52,759,810,4.20e-24,103,96.15
18,XP_079892215.1,82.692,52,9,0,1,52,947,998,4.28e-24,103,98.08
18,XP_074505310.1,82.692,52,9,0,1,52,946,997,4.37e-24,103,98.08
18,XP_074529760.1,82.692,52,9,0,1,52,931,982,4.41e-24,103,98.08
18,XP_020463140.1,82.692,52,9,0,1,52,885,936,4.45e-24,103,96.15
18,XP_060903549.1,82.692,52,9,0,1,52,934,985,5.00e-24,103,98.08
18,XP_044219177.1,82.692,52,9,0,1,52,902,953,6.38e-24,103,98.08
18,XP_056295640.1,82.692,52,9,0,1,52,836,887,6.57e-24,103,98.08
18,KAM7389104.1,82.692,52,9,0,1,52,737,788,6.70e-24,103,98.08
18,XP_056295642.1,82.692,52,9,0,1,52,869,920,7.03e-24,103,98.08
18,XP_026186736.1,80.769,52,10,0,1,52,948,999,7.38e-24,103,98.08
18,XP_075959553.1,82.692,52,9,0,1,52,946,997,7.38e-24,103,98.08
18,XP_054648859.1,80.769,52,10,0,1,52,878,929,7.60e-24,103,98.08
18,KAA8588648.1,80.769,52,10,0,1,52,998,1049,7.75e-24,103,96.15
18,XP_049898119.1,82.692,52,9,0,1,52,863,914,7.98e-24,102,96.15
18,KAM9849644.1,82.692,52,9,0,1,52,934,985,9.51e-24,102,96.15
18,XP_067373872.1,80.769,52,10,0,1,52,897,948,9.51e-24,102,94.23
18,XP_054453569.1,82.692,52,9,0,1,52,899,950,9.88e-24,102,98.08
18,XP_061644484.1,82.353,51,9,0,2,52,840,890,1.03e-23,102,96.08
18,XP_019936270.2,82.692,52,9,0,1,52,925,976,1.13e-23,102,96.15
18,XP_069526364.1,80.769,52,10,0,1,52,939,990,1.20e-23,102,98.08
18,XP_034545945.1,82.692,52,9,0,1,52,880,931,1.22e-23,102,96.15
18,XP_057205121.1,80.769,52,10,0,1,52,928,979,1.26e-23,102,98.08
18,KAM7417237.1,80.769,52,10,0,1,52,984,1035,1.30e-23,102,96.15
18,KAK2904426.1,80.769,52,10,0,1,52,910,961,1.31e-23,102,94.23
18,XP_041800377.1,80.769,52,10,0,1,52,887,938,1.47e-23,102,98.08
18,XP_059202954.1,78.846,52,11,0,1,52,901,952,1.67e-23,102,94.23
18,XP_030001691.1,80.769,52,10,0,1,52,936,987,1.69e-23,102,96.15
18,XP_079084720.1,80.769,52,10,0,1,52,940,991,1.75e-23,102,98.08
18,KAK2848860.1,80.769,52,10,0,1,52,632,683,1.76e-23,102,96.15
18,XP_068447771.1,82.692,52,9,0,1,52,940,991,2.05e-23,101,96.15
18,KAF7668536.1,78.846,52,11,0,1,52,328,379,2.11e-23,101,98.08
18,XP_040904286.1,80.769,52,10,0,1,52,914,965,2.22e-23,101,96.15
18,KAL0974310.1,78.431,51,11,0,2,52,166,216,2.31e-23,100,96.08
18,XP_071778865.2,80.769,52,10,0,1,52,928,979,2.44e-23,101,96.15
18,XP_035506505.2,80.392,51,10,0,2,52,902,952,2.85e-23,101,98.04
18,KAM3866980.1,78.846,52,11,0,1,52,943,994,3.05e-23,101,96.15
18,XP_068596758.1,78.846,52,11,0,1,52,942,993,3.24e-23,101,94.23
18,KAJ8015452.1,80.392,51,10,0,2,52,319,369,3.34e-23,100,92.16
18,XP_039976492.1,78.846,52,11,0,1,52,859,910,3.37e-23,101,96.15
18,XP_070693269.1,80.392,51,10,0,2,52,937,987,3.40e-23,101,98.04
18,XP_029369087.1,78.846,52,11,0,1,52,888,939,3.78e-23,100,98.08
18,XP_049606886.1,82.353,51,9,0,2,52,839,889,3.78e-23,100,96.08
18,XP_068182287.1,80.769,52,10,0,1,52,929,980,3.86e-23,100,96.15
18,XP_010727808.1,78.846,52,11,0,1,52,886,937,3.93e-23,100,94.23
18,KAM6953133.1,78.846,52,11,0,1,52,993,1044,3.97e-23,100,94.23
18,XP_079336665.1,78.846,52,11,0,1,52,949,1000,4.17e-23,100,96.15
18,XP_051275250.1,76.923,52,12,0,1,52,945,996,5.07e-23,100,98.08
18,XP_058653064.1,78.846,52,11,0,1,52,865,916,5.53e-23,100,98.08
18,XP_029020455.1,80.392,51,10,0,2,52,905,955,5.92e-23,100,92.16
18,XP_028272289.1,80.769,52,10,0,1,52,882,933,5.98e-23,100,94.23
18,KAL1262016.1,78.846,52,11,0,1,52,955,1006,7.05e-23,100,96.15
18,XP_039520437.1,80.769,52,10,0,1,52,934,985,7.40e-23,100,94.23
18,XP_043112665.1,78.846,52,11,0,1,52,907,958,7.40e-23,100,96.15
18,XP_070819554.1,76.923,52,12,0,1,52,905,956,8.74e-23,100,94.23
18,XP_024918762.1,78.846,52,11,0,1,52,930,981,9.35e-23,100,92.31
18,XP_058506572.1,80.769,52,10,0,1,52,913,964,9.63e-23,99.8,94.23
18,XP_079413307.1,78.846,52,11,0,1,52,869,920,9.91e-23,99.8,88.46
18,XP_016387980.1,78.846,52,11,0,1,52,670,721,1.16e-22,99.8,96.15
18,NP_001431167.1,78.846,52,11,0,1,52,967,1018,1.17e-22,99.8,92.31
18,XP_069557874.1,78.846,52,11,0,1,52,896,947,1.23e-22,99.8,96.15
18,TNM98895.1,76.923,52,12,0,1,52,90,141,1.31e-22,97.8,90.38
18,XP_026214216.1,76.923,52,12,0,1,52,904,955,1.34e-22,99.4,96.15
18,XP_076005374.1,76.923,52,12,0,1,52,891,942,1.43e-22,99.4,96.15
18,XP_067312647.1,78.846,52,11,0,1,52,862,913,1.48e-22,99.4,94.23
18,XP_041653991.1,78.846,52,11,0,1,52,877,928,1.55e-22,99.4,94.23
18,KAN1029147.1,78.846,52,11,0,1,52,945,996,1.55e-22,99.4,94.23
18,XP_079208570.1,76.923,52,12,0,1,52,916,967,1.57e-22,99.4,94.23
18,XP_044061864.1,78.846,52,11,0,1,52,914,965,1.63e-22,99.4,94.23
18,KAF3838736.1,78.846,52,11,0,1,52,296,347,1.64e-22,99.0,92.31
18,XP_029296902.1,78.846,52,11,0,1,52,941,992,1.64e-22,99.4,94.23
18,KAI9521473.1,78.846,52,11,0,1,52,339,390,1.68e-22,99.0,92.31
18,XP_033829603.2,76.923,52,12,0,1,52,922,973,1.71e-22,99.4,94.23
18,XP_030251406.1,76.923,52,12,0,1,52,937,988,1.73e-22,99.4,94.23
18,KAJ4946215.1,78.846,52,11,0,1,52,656,707,1.73e-22,99.4,92.31
18,XP_072252437.1,80.769,52,10,0,1,52,945,996,1.79e-22,99.0,92.31
18,KAG8003818.1,75.000,52,13,0,1,52,846,897,1.90e-22,99.0,92.31
18,CAN9514614.1,78.846,52,11,0,1,52,906,957,2.10e-22,99.0,96.15
18,XP_061690115.1,80.392,51,10,0,2,52,838,888,2.12e-22,99.0,94.12
18,XP_030650137.1,78.846,52,11,0,1,52,885,936,2.16e-22,99.0,94.23
18,XP_016111476.1,76.923,52,12,0,1,52,970,1021,2.27e-22,99.0,96.15
18,XP_061895770.1,76.923,52,12,0,1,52,884,935,2.57e-22,98.6,94.23
18,XP_056328151.1,76.923,52,12,0,1,52,963,1014,2.84e-22,98.6,94.23
18,XP_077434714.1,78.431,51,11,0,2,52,780,830,2.89e-22,98.6,96.08
18,XP_029958792.1,80.392,51,10,0,2,52,923,973,3.01e-22,98.6,94.12
18,XP_042594231.1,76.923,52,12,0,1,52,958,1009,3.22e-22,98.6,96.15
19,XP_034398892.1,82.692,52,9,0,1,52,834,885,3.87e-26,109,98.08
19,XP_056295640.1,80.769,52,10,0,1,52,836,887,1.03e-25,108,98.08
19,XP_056295642.1,80.769,52,10,0,1,52,869,920,1.09e-25,108,98.08
19,XP_034036848.1,78.846,52,11,0,1,52,703,754,2.32e-25,107,92.31
19,XP_075959553.1,80.769,52,10,0,1,52,946,997,2.95e-25,107,98.08
19,XP_054648859.1,78.846,52,11,0,1,52,878,929,3.04e-25,107,98.08
19,CAJ1059042.1,82.692,52,9,0,1,52,936,987,5.50e-25,106,98.08
19,XP_070693269.1,82.353,51,9,0,2,52,937,987,1.40e-24,105,98.04
19,XP_023849523.1,82.692,52,9,0,1,52,989,1040,1.70e-24,104,96.15
19,XP_067373872.1,80.769,52,10,0,1,52,897,948,1.75e-24,104,96.15
19,KAM9356664.1,80.769,52,10,0,1,52,907,958,1.80e-24,104,98.08
19,KAI3351475.1,82.692,52,9,0,1,52,952,1003,1.89e-24,104,98.08
19,KAK2848860.1,82.692,52,9,0,1,52,632,683,2.21e-24,104,98.08
19,KAM3612867.1,82.692,52,9,0,1,52,759,810,2.34e-24,104,96.15
19,XP_042348829.1,80.769,52,10,0,1,52,1153,1204,2.41e-24,104,98.08
19,XP_074505310.1,80.769,52,10,0,1,52,946,997,2.41e-24,104,98.08
19,KAK2904426.1,80.769,52,10,0,1,52,910,961,2.41e-24,104,96.15
19,XP_079892215.1,80.769,52,10,0,1,52,947,998,2.44e-24,104,98.08
19,XP_045885735.1,80.769,52,10,0,1,52,840,891,2.56e-24,104,98.08
19,XP_067454429.1,80.769,52,10,0,1,52,893,944,2.68e-24,104,98.08
19,XP_074529760.1,80.769,52,10,0,1,52,931,982,2.87e-24,104,98.08
19,XP_051920644.1,80.392,51,10,0,2,52,833,883,2.93e-24,104,94.12
19,XP_051920633.1,80.392,51,10,0,2,52,833,883,4.04e-24,103,94.12
19,XP_044219177.1,80.769,52,10,0,1,52,902,953,4.16e-24,103,98.08
19,XP_039670365.1,78.846,52,11,0,1,52,946,997,4.20e-24,103,96.15
19,KAM7389104.1,80.769,52,10,0,1,52,737,788,4.24e-24,103,98.08
19,TWW55336.1,69.231,52,16,0,1,52,307,358,4.25e-24,103,90.38
19,XP_034545945.1,80.769,52,10,0,1,52,880,931,4.54e-24,103,96.15
19,XP_019936270.2,80.769,52,10,0,1,52,925,976,4.67e-24,103,96.15
19,XP_058653064.1,78.846,52,11,0,1,52,865,916,4.81e-24,103,98.08
19,XP_054453569.1,80.769,52,10,0,1,52,899,950,4.91e-24,103,98.08
19,XP_049898119.1,80.769,52,10,0,1,52,863,914,5.00e-24,103,96.15
19,XP_026186736.1,78.846,52,11,0,1,52,948,999,5.05e-24,103,98.08
19,KAM9849644.1,80.769,52,10,0,1,52,934,985,5.46e-24,103,96.15
19,XP_069526364.1,78.846,52,11,0,1,52,939,990,6.57e-24,103,98.08
19,XP_046262910.1,78.846,52,11,0,1,52,861,912,7.10e-24,103,98.08
19,KAG8003818.1,75.000,52,13,0,1,52,846,897,7.31e-24,103,92.31
19,XP_060903549.1,78.846,52,11,0,1,52,934,985,7.75e-24,103,98.08
19,XP_041800377.1,78.846,52,11,0,1,52,887,938,7.83e-24,103,98.08
19,XP_079084720.1,78.846,52,11,0,1,52,940,991,8.22e-24,102,98.08
19,XP_061895770.1,75.000,52,13,0,1,52,884,935,8.22e-24,102,94.23
19,KAM7417237.1,80.769,52,10,0,1,52,984,1035,8.97e-24,102,96.15
19,XP_029918660.1,82.692,52,9,0,1,52,908,959,8.97e-24,102,96.15
19,XP_077434714.1,76.471,51,12,0,2,52,780,830,9.15e-24,102,96.08
19,XP_035506505.2,80.392,51,10,0,2,52,902,952,9.23e-24,102,98.04
19,XP_028272289.1,80.769,52,10,0,1,52,882,933,9.60e-24,102,96.15
19,XP_059202954.1,78.846,52,11,0,1,52,901,952,1.02e-23,102,94.23
19,XP_053179658.1,80.769,52,10,0,1,52,887,938,1.02e-23,102,98.08
19,XP_030001691.1,78.846,52,11,0,1,52,936,987,1.04e-23,102,96.15
19,XP_057914097.2,76.923,52,12,0,1,52,873,924,1.06e-23,102,98.08
19,XP_068447771.1,80.769,52,10,0,1,52,940,991,1.20e-23,102,96.15
19,XP_070819554.1,76.923,52,12,0,1,52,905,956,1.26e-23,102,96.15
19,XP_040904286.1,78.846,52,11,0,1,52,914,965,1.30e-23,102,96.15
19,KAF7668536.1,76.923,52,12,0,1,52,328,379,1.35e-23,102,98.08
19,KAM9795146.1,74.510,51,13,0,2,52,918,968,1.43e-23,102,96.08
19,XP_039520437.1,78.846,52,11,0,1,52,934,985,1.50e-23,102,96.15
19,XP_071778865.2,80.769,52,10,0,1,52,928,979,1.53e-23,102,96.15
19,XP_068182287.1,78.846,52,11,0,1,52,929,980,1.59e-23,102,98.08
19,XP_061644484.1,74.510,51,13,0,2,52,840,890,1.64e-23,102,94.12
19,KAM3866980.1,76.923,52,12,0,1,52,943,994,1.75e-23,102,96.15
19,XP_043112665.1,76.923,52,12,0,1,52,907,958,1.75e-23,102,98.08
19,XP_049606886.1,80.392,51,10,0,2,52,839,889,1.97e-23,102,96.08
19,XP_020463140.1,78.846,52,11,0,1,52,885,936,2.07e-23,101,96.15
19,KAL1262016.1,76.923,52,12,0,1,52,955,1006,2.15e-23,101,98.08
19,KAL0974310.1,78.431,51,11,0,2,52,166,216,2.19e-23,100,94.12
19,XP_010727808.1,78.846,52,11,0,1,52,886,937,2.28e-23,101,94.23
19,XP_057205121.1,76.923,52,12,0,1,52,928,979,2.40e-23,101,98.08
19,XP_029369087.1,76.923,52,12,0,1,52,888,939,2.40e-23,101,98.08
19,XP_079336665.1,76.923,52,12,0,1,52,949,1000,2.64e-23,101,96.15
19,XP_016387980.1,76.923,52,12,0,1,52,670,721,2.67e-23,101,98.08
19,NP_001431167.1,76.923,52,12,0,1,52,967,1018,2.69e-23,101,94.23
19,CAB1460765.1,76.923,52,12,0,1,52,492,543,2.71e-23,101,92.31
19,XP_051275250.1,75.000,52,13,0,1,52,945,996,2.94e-23,101,98.08
19,XP_068596758.1,73.077,52,14,0,1,52,942,993,2.97e-23,101,94.23
19,XP_058506572.1,80.769,52,10,0,1,52,913,964,2.97e-23,101,94.23
19,XP_072252437.1,80.769,52,10,0,1,52,945,996,3.47e-23,101,94.23
19,XP_067312647.1,76.923,52,12,0,1,52,862,913,3.54e-23,101,96.15
19,KAK7922219.1,71.154,52,15,0,1,52,1190,1241,3.71e-23,101,90.38
19,XP_026214216.1,76.923,52,12,0,1,52,904,955,4.29e-23,100,98.08
19,XP_053735965.1,72.549,51,14,0,2,52,836,886,4.42e-23,100,96.08
19,XP_061690115.1,74.510,51,13,0,2,52,838,888,4.55e-23,100,94.12
19,XP_076005374.1,76.923,52,12,0,1,52,891,942,4.92e-23,100,96.15
19,KAA8588648.1,75.000,52,13,0,1,52,998,1049,5.12e-23,100,96.15
19,KAM4621919.1,78.431,51,11,0,2,52,989,1039,5.42e-23,100,98.04
19,XP_016111476.1,75.000,52,13,0,1,52,970,1021,5.53e-23,100,98.08
19,XP_044061864.1,76.923,52,12,0,1,52,914,965,5.75e-23,100,94.23
19,XP_039976492.1,75.000,52,13,0,1,52,859,910,5.98e-23,100,96.15
19,XP_030650137.1,76.923,52,12,0,1,52,885,936,6.28e-23,100,96.15
19,KAN1029147.1,76.923,52,12,0,1,52,945,996,6.53e-23,100,94.23
19,XP_072291301.1,74.510,51,13,0,2,52,880,930,6.72e-23,100,92.16
19,KAM6953133.1,75.000,52,13,0,1,52,993,1044,6.98e-23,100,94.23
19,XP_042594231.1,75.000,52,13,0,1,52,958,1009,7.55e-23,100,98.08
19,KAF3838736.1,78.846,52,11,0,1,52,296,347,8.21e-23,99.8,92.31
19,XP_079208570.1,76.923,52,12,0,1,52,916,967,8.82e-23,100,94.23
19,KAJ4946215.1,78.846,52,11,0,1,52,656,707,9.54e-23,99.8,92.31
19,KAI9521473.1,78.846,52,11,0,1,52,339,390,9.55e-23,99.8,92.31
19,XP_029296902.1,78.846,52,11,0,1,52,941,992,1.01e-22,99.8,94.23
19,XP_061581997.1,76.471,51,12,0,2,52,940,990,1.02e-22,99.8,94.12
19,XP_030251406.1,75.000,52,13,0,1,52,937,988,1.03e-22,99.8,94.23
19,XP_041653991.1,76.923,52,12,0,1,52,877,928,1.26e-22,99.8,94.23
20,XHY58238.1,62.745,51,19,0,2,52,190,240,2.92e-17,82.0,78.43
20,AIS22039.1,58.824,51,21,0,2,52,91,141,5.03e-17,79.3,82.35
20,AKB11757.1,58.824,51,21,0,2,52,1,51,5.20e-17,76.6,82.35
20,CAB1460765.1,57.692,52,22,0,1,52,492,543,1.20e-16,82.4,82.69
20,ELK36546.1,56.863,51,22,0,2,52,1595,1645,1.27e-16,82.4,78.43
20,CCA96179.1,63.462,52,19,0,1,52,24,75,1.63e-16,75.9,78.85
20,WEX30113.1,60.870,46,18,0,7,52,6,51,2.82e-16,74.7,86.96
20,KAJ8015452.1,58.824,51,21,0,2,52,319,369,3.00e-16,81.3,82.35
20,XP_079413307.1,59.615,52,21,0,1,52,869,920,3.13e-16,81.3,82.69
20,KAI6069876.1,63.043,46,17,0,7,52,176,221,3.62e-16,80.9,86.96
20,XP_074131523.1,54.902,51,23,0,2,52,840,890,4.03e-16,81.3,82.35
20,8HGO_C,61.538,52,20,0,1,52,4,55,4.09e-16,74.3,78.85
20,AAG33031.1,61.538,52,20,0,1,52,25,76,4.69e-16,74.7,78.85
20,XP_041653991.1,57.692,52,22,0,1,52,877,928,5.09e-16,80.9,82.69
20,KAH0500763.1,60.784,51,20,0,2,52,880,930,5.35e-16,80.9,84.31
20,WOZ30154.1,63.462,52,19,0,1,52,27,78,5.42e-16,75.5,78.85
20,XP_057648983.1,58.824,51,21,0,2,52,1033,1083,6.44e-16,80.5,84.31
20,XP_023565769.1,62.745,51,19,0,2,52,931,981,7.60e-16,80.1,78.43
20,XP_013360879.1,56.863,51,22,0,2,52,928,978,7.75e-16,80.1,84.31
20,KAL2304938.1,53.571,56,22,1,1,52,116,171,7.81e-16,79.7,80.36
20,KAM9849644.1,57.692,52,22,0,1,52,934,985,8.29e-16,80.1,82.69
20,CEK41095.1,61.538,52,20,0,1,52,46,97,8.40e-16,74.7,76.92
20,XP_031799580.1,54.902,51,23,0,2,52,866,916,1.05e-15,79.7,84.31
20,XP_053285208.1,57.692,52,22,0,1,52,892,943,1.43e-15,79.3,82.69
20,XP_043917402.1,65.306,49,17,0,4,52,926,974,1.71e-15,79.3,81.63
20,XP_069903850.1,60.784,51,20,0,2,52,969,1019,1.77e-15,79.3,80.39
20,XP_069903851.1,60.784,51,20,0,2,52,807,857,1.84e-15,79.3,80.39
20,XP_053421883.1,58.824,51,21,0,2,52,968,1018,2.09e-15,79.0,80.39
20,XP_020956121.1,58.824,51,21,0,2,52,864,914,2.22e-15,79.0,82.35
20,XP_007463284.1,58.824,51,21,0,2,52,970,1020,2.33e-15,79.0,82.35
20,NP_999185.1,58.824,51,21,0,2,52,970,1020,2.97e-15,78.6,82.35
20,XP_032489293.1,58.824,51,21,0,2,52,863,913,3.00e-15,78.6,82.35
20,XP_045043000.2,58.824,51,21,0,2,52,965,1015,3.09e-15,78.6,80.39
20,XP_031231333.1,62.745,51,19,0,2,52,928,978,3.12e-15,78.6,82.35
20,OXB84838.1,60.870,46,18,0,7,52,238,283,3.20e-15,78.6,86.96
20,KAF5923813.1,56.863,51,22,0,2,52,765,815,3.25e-15,78.6,84.31
20,XP_026958630.1,58.824,51,21,0,2,52,847,897,3.28e-15,78.6,82.35
20,XP_058405882.1,56.863,51,22,0,2,52,970,1020,3.48e-15,78.6,84.31
20,KAM8695072.1,63.043,46,17,0,7,52,672,717,3.58e-15,78.6,86.96
20,XP_021102285.1,58.824,51,21,0,2,52,475,525,3.79e-15,78.2,78.43
20,XP_028616266.1,56.863,51,22,0,2,52,969,1019,3.91e-15,78.2,82.35
20,XP_029424473.1,60.000,50,20,0,2,51,524,573,3.94e-15,78.2,82.00
20,XP_015717481.1,63.043,46,17,0,7,52,979,1024,4.06e-15,78.2,86.96
20,KAF7668536.1,53.846,52,24,0,1,52,328,379,4.08e-15,78.2,80.77
20,NXL95451.1,63.043,46,17,0,7,52,1031,1076,4.27e-15,78.2,86.96
20,3NJP_C,65.957,47,16,0,6,52,1,47,4.33e-15,71.6,80.85
20,XP_076789365.1,56.863,51,22,0,2,52,1020,1070,4.39e-15,78.2,82.35
20,XP_039670365.1,53.846,52,24,0,1,52,946,997,4.44e-15,78.2,80.77
20,XP_025957525.2,63.043,46,17,0,7,52,1056,1101,4.44e-15,78.2,86.96
20,XP_007191099.2,58.824,51,21,0,2,52,971,1021,4.61e-15,78.2,82.35
20,OXB68169.1,60.870,46,18,0,7,52,165,210,4.66e-15,77.8,86.96
20,XP_009663707.1,63.043,46,17,0,7,52,991,1036,4.75e-15,78.2,86.96
20,XP_068538069.1,63.043,46,17,0,7,52,1031,1076,4.75e-15,78.2,86.96
20,NXP80709.1,59.184,49,20,0,4,52,870,918,4.84e-15,78.2,85.71
20,NXI61677.1,63.043,46,17,0,7,52,1031,1076,4.94e-15,77.8,86.96
20,NXK52707.1,63.043,46,17,0,7,52,1031,1076,5.03e-15,77.8,86.96
20,ERE90154.1,54.902,51,23,0,2,52,1360,1410,5.19e-15,77.8,82.35
20,NXF95854.1,59.184,49,20,0,4,52,667,715,5.23e-15,77.8,85.71
20,TRZ23247.1,55.357,56,21,1,1,52,2168,2223,5.29e-15,77.8,80.36
20,NXJ08384.1,59.574,47,19,0,6,52,1029,1075,5.39e-15,77.8,87.23
20,1P9J_A,67.391,46,15,0,7,52,8,53,5.42e-15,71.6,80.43
20,XP_009067760.1,60.870,46,18,0,7,52,410,455,5.43e-15,77.8,86.96
20,XP_037531391.1,54.902,51,23,0,2,52,881,931,5.50e-15,77.8,82.35
20,XP_012665796.1,56.863,51,22,0,2,52,902,952,5.50e-15,77.8,80.39
20,XP_036887726.1,56.863,51,22,0,2,52,925,975,5.66e-15,77.8,82.35
20,NXN99683.1,60.870,46,18,0,7,52,990,1035,5.66e-15,77.8,89.13
20,KAJ7396917.1,60.870,46,18,0,7,52,1656,1701,5.66e-15,77.8,86.96
20,NWH74794.1,60.870,46,18,0,7,52,1034,1079,5.88e-15,77.8,89.13
20,AJF94343.1,65.957,47,16,0,6,52,63,109,5.89e-15,73.2,80.85
20,GAB1288109.1,54.902,51,23,0,2,52,940,990,5.94e-15,77.8,82.35
20,KAJ7407491.1,60.870,46,18,0,7,52,1858,1903,6.12e-15,77.8,86.96
20,KAL0974310.1,52.941,51,24,0,2,52,166,216,6.17e-15,77.4,82.35
20,CAJ1059042.1,55.769,52,23,0,1,52,936,987,6.68e-15,77.8,80.77
20,XP_035292856.1,54.902,51,23,0,2,52,1082,1132,6.75e-15,77.4,82.35
20,XP_029369087.1,55.769,52,23,0,1,52,888,939,6.81e-15,77.4,80.77
20,XP_061895770.1,53.846,52,24,0,1,52,884,935,7.01e-15,77.4,82.69
20,XP_040607731.1,54.902,51,23,0,2,52,961,1011,7.01e-15,77.4,82.35
20,XP_027251495.1,54.902,51,23,0,2,52,973,1023,7.15e-15,77.4,82.35
20,EGW10408.1,54.902,51,23,0,2,52,612,662,7.43e-15,77.4,82.35
20,KAK2519884.1,60.870,46,18,0,7,52,504,549,7.43e-15,77.4,86.96
20,XP_068596758.1,53.846,52,24,0,1,52,942,993,7.44e-15,77.4,82.69
20,NXX39919.1,59.574,47,19,0,6,52,1027,1073,7.44e-15,77.4,87.23
20,XP_061211193.1,60.870,46,18,0,7,52,1031,1076,7.44e-15,77.4,86.96
20,KAM6147989.1,63.043,46,17,0,7,52,852,897,7.51e-15,77.4,84.78
20,KAF2980820.1,60.870,46,18,0,7,52,518,563,7.72e-15,77.4,86.96
20,XP_054648859.1,55.769,52,23,0,1,52,878,929,7.73e-15,77.4,80.77
20,KFQ72982.1,60.870,46,18,0,7,52,468,513,7.87e-15,77.4,86.96
20,XP_046771607.1,60.870,46,18,0,7,52,802,847,8.11e-15,77.4,86.96
20,NWI62046.1,59.184,49,20,0,4,52,583,631,8.18e-15,77.4,83.67
20,NWI03436.1,55.357,56,21,1,1,52,538,593,8.19e-15,77.4,80.36
20,XP_044061864.1,53.846,52,24,0,1,52,914,965,8.20e-15,77.4,84.62
20,XP_066576728.1,55.769,52,23,0,1,52,939,990,8.28e-15,77.4,82.69
20,XP_058653064.1,53.846,52,24,0,1,52,865,916,8.86e-15,77.4,82.69
20,XP_056328151.1,51.923,52,25,0,1,52,963,1014,8.95e-15,77.4,82.69
20,KAN1029147.1,53.846,52,24,0,1,52,945,996,9.03e-15,77.4,84.62
20,NXC51289.1,60.870,46,18,0,7,52,411,456,9.20e-15,77.0,86.96
20,NP_001001292.2,60.870,46,18,0,7,52,1031,1076,9.31e-15,77.0,86.96
20,KFO25828.1,54.902,51,23,0,2,52,1074,1124,9.31e-15,77.0,80.39
20,XP_019936270.2,53.846,52,24,0,1,52,925,976,9.49e-15,77.0,82.69
20,CAM5935868.1,55.357,56,21,1,1,52,969,1024,9.87e-15,77.0,80.36
21,XHY58238.1,62.745,51,19,0,2,52,190,240,7.20e-18,83.6,76.47
21,CCA96179.1,63.462,52,19,0,1,52,24,75,1.13e-17,79.0,76.92
21,WOZ30154.1,63.462,52,19,0,1,52,27,78,3.13e-17,78.6,76.92
21,8HGO_C,61.538,52,20,0,1,52,4,55,3.23e-17,77.4,76.92
21,AAG33031.1,61.538,52,20,0,1,52,25,76,4.74e-17,77.4,76.92
21,CEK41095.1,62.745,51,19,0,2,52,47,97,6.49e-17,77.8,76.47
21,KAL4679235.1,62.745,51,19,0,2,52,9,59,4.62e-16,79.0,76.47
21,1P9J_A,62.500,48,18,0,5,52,6,53,6.44e-16,73.9,77.08
21,3NJP_C,63.830,47,17,0,6,52,1,47,1.03e-15,73.2,78.72
21,AJF94343.1,63.830,47,17,0,6,52,63,109,1.52e-15,74.7,78.72
21,NP_001343950.1,62.745,51,19,0,2,52,848,898,2.67e-15,78.6,76.47
21,XP_063579644.1,62.745,51,19,0,2,52,881,931,2.67e-15,78.6,76.47
21,NP_001171601.1,62.745,51,19,0,2,52,930,980,2.94e-15,78.6,76.47
21,NP_001954.2,62.745,51,19,0,2,52,971,1021,3.03e-15,78.6,76.47
21,XP_073896408.1,62.745,51,19,0,2,52,403,453,3.12e-15,78.6,76.47
21,XP_050646952.1,62.745,51,19,0,2,52,812,862,3.54e-15,78.6,76.47
21,XP_077858232.1,62.745,51,19,0,2,52,1000,1050,3.95e-15,78.2,76.47
21,XP_069315310.1,62.745,51,19,0,2,52,848,898,5.18e-15,77.8,74.51
21,XP_069315307.1,62.745,51,19,0,2,52,971,1021,5.94e-15,77.8,74.51
21,EMP40797.1,67.391,46,15,0,7,52,2052,2097,9.13e-15,77.4,82.61
21,WEX30113.1,61.702,47,18,0,6,52,5,51,1.07e-14,70.9,76.60
21,CAM2112847.1,67.391,46,15,0,7,52,1894,1939,1.12e-14,77.0,82.61
21,KAF6371648.1,60.784,51,20,0,2,52,481,531,1.14e-14,77.0,74.51
21,XP_019491538.1,60.784,51,20,0,2,52,698,748,1.44e-14,76.6,74.51
21,NXN99683.1,69.565,46,14,0,7,52,990,1035,1.44e-14,76.6,82.61
21,XP_032961164.1,60.784,51,20,0,2,52,779,829,1.47e-14,76.6,74.51
21,XP_045043000.2,62.745,51,19,0,2,52,965,1015,1.53e-14,76.6,72.55
21,NWJ05319.1,69.565,46,14,0,7,52,1031,1076,1.58e-14,76.6,80.43
21,XP_045393436.1,60.784,51,20,0,2,52,922,972,1.59e-14,76.6,74.51
21,NXS56984.1,62.000,50,19,0,3,52,897,946,1.65e-14,76.6,76.00
21,XP_039670365.1,57.692,52,22,0,1,52,946,997,1.65e-14,76.6,80.77
21,XP_008568402.1,60.784,51,20,0,2,52,928,978,1.72e-14,76.3,74.51
21,KAM8808269.1,69.565,46,14,0,7,52,1031,1076,1.72e-14,76.3,80.43
21,XP_057648983.1,62.745,51,19,0,2,52,1033,1083,1.84e-14,76.3,72.55
21,XP_069526364.1,59.615,52,21,0,1,52,939,990,1.97e-14,76.3,80.77
21,XP_058522910.1,62.745,51,19,0,2,52,968,1018,1.97e-14,76.3,74.51
21,XP_010779013.1,59.615,52,21,0,1,52,738,789,2.01e-14,76.3,78.85
21,KAI3351475.1,59.615,52,21,0,1,52,952,1003,2.07e-14,76.3,82.69
21,XP_062249902.1,61.538,52,20,0,1,52,877,928,2.11e-14,76.3,80.77
21,XP_041800377.1,59.615,52,21,0,1,52,887,938,2.13e-14,76.3,80.77
21,XP_036083514.1,58.824,51,21,0,2,52,970,1020,2.13e-14,76.3,74.51
21,XP_058522911.1,62.745,51,19,0,2,52,806,856,2.17e-14,76.3,74.51
21,XP_051021530.1,62.745,51,19,0,2,52,969,1019,2.19e-14,76.3,74.51
21,XP_074806844.1,67.391,46,15,0,7,52,896,941,2.35e-14,75.9,82.61
21,XP_073897635.1,60.784,51,20,0,2,52,893,943,2.44e-14,75.9,74.51
21,CAM4545986.1,67.391,46,15,0,7,52,1035,1080,2.44e-14,75.9,82.61
21,1EGF_A,56.863,51,22,0,2,52,1,51,2.49e-14,69.7,68.63
21,XP_052035224.1,62.745,51,19,0,2,52,973,1023,2.62e-14,75.9,74.51
21,XP_039324357.1,58.824,51,21,0,2,52,987,1037,2.77e-14,75.9,76.47
21,XP_019936270.2,57.692,52,22,0,1,52,925,976,2.80e-14,75.9,82.69
21,XP_053179658.1,57.692,52,22,0,1,52,887,938,3.03e-14,75.9,82.69
21,XP_034545945.1,57.692,52,22,0,1,52,880,931,3.09e-14,75.9,82.69
21,NXD22984.1,63.265,49,18,0,4,52,1024,1072,3.21e-14,75.5,75.51
21,MBZ3878913.1,62.745,51,19,0,2,52,972,1022,3.27e-14,75.5,72.55
21,XP_039324362.1,58.824,51,21,0,2,52,716,766,3.37e-14,75.5,76.47
21,KAK5896718.1,57.692,52,22,0,1,52,940,991,3.61e-14,75.5,78.85
21,TFK00061.1,67.391,46,15,0,7,52,1008,1053,3.68e-14,75.5,80.43
21,KAH0500763.1,60.784,51,20,0,2,52,880,930,3.75e-14,75.5,72.55
21,XP_067454429.1,57.692,52,22,0,1,52,893,944,3.79e-14,75.5,82.69
21,XP_021500661.1,62.745,51,19,0,2,52,957,1007,3.79e-14,75.5,72.55
21,KAI6069876.1,65.217,46,16,0,7,52,176,221,3.97e-14,75.1,78.26
21,AIS22039.1,56.863,51,22,0,2,52,91,141,3.99e-14,71.6,70.59
21,NXU52640.1,65.217,46,16,0,7,52,1026,1071,4.06e-14,75.5,82.61
21,XP_034398892.1,59.615,52,21,0,1,52,834,885,4.09e-14,75.5,80.77
21,XP_060903549.1,57.692,52,22,0,1,52,934,985,4.10e-14,75.5,82.69
21,KAF3838736.1,57.692,52,22,0,1,52,296,347,4.11e-14,75.5,78.85
21,AKB11757.1,56.863,51,22,0,2,52,1,51,4.22e-14,69.3,70.59
21,XP_029918660.1,55.769,52,23,0,1,52,908,959,4.51e-14,75.1,80.77
21,XP_044219177.1,57.692,52,22,0,1,52,902,953,4.56e-14,75.1,82.69
21,XP_074849531.1,65.217,46,16,0,7,52,976,1021,4.70e-14,75.1,82.61
21,KAM9849644.1,59.615,52,21,0,1,52,934,985,4.83e-14,75.1,78.85
21,XP_009067760.1,67.391,46,15,0,7,52,410,455,4.87e-14,75.1,78.26
21,CAJ1059042.1,57.692,52,22,0,1,52,936,987,5.08e-14,75.1,80.77
21,CAB1460765.1,59.615,52,21,0,1,52,492,543,5.17e-14,75.1,78.85
21,XP_010226632.1,67.391,46,15,0,7,52,878,923,5.18e-14,75.1,78.26
21,KAA8588648.1,55.769,52,23,0,1,52,998,1049,5.18e-14,75.1,80.77
21,XP_028616266.1,60.784,51,20,0,2,52,969,1019,5.23e-14,75.1,72.55
21,XP_054582628.1,58.824,51,21,0,2,52,846,896,5.28e-14,75.1,72.55
21,XP_050799220.1,67.391,46,15,0,7,52,993,1038,5.28e-14,75.1,80.43
21,XP_042348829.1,57.692,52,22,0,1,52,1153,1204,5.33e-14,75.1,80.77
21,KAI9521473.1,57.692,52,22,0,1,52,339,390,5.35e-14,75.1,78.85
21,KAJ4946215.1,57.692,52,22,0,1,52,656,707,5.43e-14,75.1,78.85
21,XP_049898119.1,57.692,52,22,0,1,52,863,914,5.49e-14,75.1,80.77
21,XP_039520437.1,55.769,52,23,0,1,52,934,985,5.65e-14,75.1,82.69
21,XP_054582617.1,58.824,51,21,0,2,52,927,977,5.71e-14,75.1,72.55
21,XP_046262910.1,57.692,52,22,0,1,52,861,912,5.82e-14,75.1,80.77
21,XP_043112665.1,53.846,52,24,0,1,52,907,958,5.93e-14,75.1,84.62
21,KAL1262016.1,53.846,52,24,0,1,52,955,1006,5.99e-14,74.7,84.62
21,NWH74794.1,58.824,51,21,0,2,52,1029,1079,5.99e-14,74.7,76.47
21,XP_054447596.1,60.784,51,20,0,2,52,966,1016,6.05e-14,74.7,74.51
21,XP_016387980.1,53.846,52,24,0,1,52,670,721,6.10e-14,74.7,84.62
21,KAM9356664.1,57.692,52,22,0,1,52,907,958,6.11e-14,74.7,80.77
21,XP_053285208.1,59.615,52,21,0,1,52,892,943,6.35e-14,74.7,78.85
21,XP_019597526.2,58.824,51,21,0,2,52,970,1020,6.35e-14,74.7,72.55
21,XP_061211193.1,63.265,49,18,0,4,52,1028,1076,6.42e-14,74.7,75.51
21,XP_076789365.1,60.784,51,20,0,2,52,1020,1070,6.48e-14,74.7,72.55
21,XP_045444983.1,60.784,51,20,0,2,52,928,978,6.60e-14,74.7,70.59
21,NWI62046.1,63.265,49,18,0,4,52,583,631,6.86e-14,74.7,75.51
21,XP_079892215.1,57.692,52,22,0,1,52,947,998,6.87e-14,74.7,80.77
21,XP_045885735.1,57.692,52,22,0,1,52,840,891,6.93e-14,74.7,80.77


